﻿<?xml version="1.0" encoding="utf-8" ?>
<Lifewood>
  <shortcut type="Control">
    <key name="A">åâáàãäǎāæ</key>
    <key name="B">ß</key>
    <key name="C">çć</key>
    <key name="E">èéêëěē</key>
    <key name="G">ğ</key>
    <key name="I">ìíîïǐī</key>
    <key name="O">òóôõöǒōðøœ</key>
    <key name="U">ùúûüǔūµǘǜǚǖůű</key>
    <key name="N">ñň</key>
    <key name="R">řらぃいぅうぇえぉおかがきぎくぐけげこごさざしじすずせぜそぞただちぢっつづてでとどなにぬねのはばぱひびぴふぶぷへべぺほぼぽまみむ</key>
    <key name="S">śš</key>
    <key name="H">동영미강건설주대요경기도수원사구층호</key>
    <key name="Y">ýÿ</key>
    <key name="Z">ž</key>
    <key name="T">ª·®°【】™ⅡøØ§</key>
  </shortcut>

  <shortcut type="Alt">
    <key name="A">ÅÂÁÀÃÄĀǍÆ</key>
    <key name="C">ČĆ</key>
    <key name="E">ÈÉÊËĚĒ</key>
    <key name="G">Ğ</key>
    <key name="I">ÌÍÎÏǏĪ</key>
    <key name="O">ÒÓÔÕÖǑŌØŒ</key>
    <key name="U">ÙÚÜǓŪǗǛǙǕ</key>
    <key name="N">Ñ</key>
    <key name="R">ァアィイゥウェエォオカガキギクグケゲコゴサザシジスズセゼソゾタダチヂッツヅテデトドナニヌネノハバパヒビピフブプヘベペホボポマミムメモャヤュユョヨラリルレロヮワヰヱヲンヴヵヶ</key>
    <key name="S">Š</key>
    <key name="Z">Ž</key>
  </shortcut>

</Lifewood>