﻿<?xml version="1.0" encoding="utf-8" ?>
<LanguagePack language="cn">

	<class name="Lifewood.Multilanguage.formDemo">
		<!--[方案名]_[类名]-->
		<title>窗口1</title>
		<!--可选,代表Form的Text属性-->
		<controls>
			<control name="label1" text="标签1" />
			<control name="label2" text="标签2" />
			<control name="label3" text="标签3" />
			<control name="groupBox1" text="组1" />
			<control name="checkBox1" text="多选框1" />
			<control name="checkBox2" text="多选框2" />
			<control name="checkBox3" text="多选框3" />
			<control name="button1" text="按钮1 对话框" />
			<control name="button2" text="按钮2 异常" />
			<menuStrip name="menuStrip1" text="">
				<subMenu name="menu1ToolStripMenuItem" text="菜单一">
					<subMenu name="children1ToolStripMenuItem" text="子菜单一"/>
					<subMenu name="child2ToolStripMenuItem" text="子菜单一"/>
				</subMenu>
				<subMenu name="menu2ToolStripMenuItem" text="菜单二"/>
			</menuStrip>
			<contextMenuStrip name="contextMenuStrip1" text="">
				<subMenu name="cMenu1ToolStripMenuItem" text="右键菜单一" >
					<subMenu name="cSubMenu1ToolStripMenuItem" text="右键子菜单一" >
						<subMenu name="sub1ToolStripMenuItem" text="子菜单一" />
						<subMenu name="sub2ToolStripMenuItem" text="子菜单二" />
					</subMenu>
				</subMenu>
				<subMenu name="cMenu1ToolStripMenuItem1" text="右键菜单二" />
			</contextMenuStrip>
		</controls>
		<constants>
			<string name="testMessage" value="测试对话框， 中文" />
			<string name="errorMessage" value="测试错误对话框， 中文" />
			<string name="testException" value="测试异常， 中文"/>
			<string name="errorException" value="出现错误，请重启程序！"/>
		</constants>
	</class>

	<class name="LiFT.Framework.frmFramework">
		<constants>
			<string name="strMoveFileInfo" value="服务器移动 Exception XML :{0} 完成;" />
			<string name="strMoveFileError" value="移动 Exception XML 失败" />
			<string name="strCheckTaskWorking" value="检查Task出错"/>
			<string name="strGetNewTaskInfo" value="当前Batch为{0}状态，Operator为{1}，是否重新获取Batch？"/>
			<string name="strDownloadDicInfo" value="下载字典失败-> "/>
			<string name="strUpdateNextWorkFlow" value="该Batch Fail {0}次 ，超过{1}次，是否需要锁定该Batch？"/>
			<string name="strCloseInfo" value="这个批次还没有提交，你确定要退出?"/>
			<string name="strSubmitInfo" value="你是否确定需要 {0} 当前Batch？"/>
			<string name="strPauseInfo" value="暂停工作!"/>
			<string name="strAuditInfo" value="确定重新抽取QC?"/>
			<string name="strAuidtEndInfo" value="重新抽取完成"/>
		</constants>
	</class>

	<class name="LiFT.Framework.Program">
		<constants>
			<string name="registryStr1" value="是否要申请注册权限?"/>
			<string name="registryStr2" value="用户缺少权限!"/>
		</constants>
	</class>

	<class name="LiFT.Framework.frmSelectServer">
		<controls>
			<control name="btnOK" text="确定" />
			<control name="btnCancel" text="取消" />
		</controls>
	</class>
	<class name="LiFT.Framework.frmSelectProcess">
		<controls>
			<control name="btnRefresh" text="刷新 [F5]" />
			<control name="btnCancel" text="取消" />
			<control name="btnConfirm" text="确认" />
		</controls>
	</class>

	<class name="LFTForVoice.Form1">
		<controls>
			<control name="label1" text="说明：\r\n1. 左边是音频文件列表，可以鼠标双击打开\r\n或者点击上一条/下一条打开记录\r\n\r\n2. 在切换的时候会自动保存上一个音频的结果，\r\n不需要额外在Parrt里面点击保存\r\n\r\n3. 快捷键说明\r\nCtrl + Shift + ←  上一个音频\r\nCtrl + Shift + →  下一个音频\r\nCtrl + Shift + S   保存\r\nCtrl + Shift + F7  QC手动Fail\r\nCtrl + Shift + F8  提交Submit\r\n\r\n" />
		</controls>
		<constants>
			<string name="strIsNotQCStatus" value="不是QC状态不能手动Fail"/>
			<string name="strIsHandworkFail" value="手动Fail?"/>
			<string name="strIsContinueOrGoBack" value="  点击Continue继续，点击Go Back返回检查"/>
			<string name="strIsNotLast" value="当前是第 {0} 张音频，为了防止漏掉，请在最后一张再点Submit"/>
			<string name="strSave" value="要保存这个Batch吗?\r\n【Yes】保存，【No】放弃保存"/>
			<string name="strIsLastFile" value="已经到了最后一个,点击Continue提交Batch，点击Go Back返回检查"/>
		</constants>
	</class>

	<class name="LiFT.Framework.MS_OCRText">
		<constants>
			<string name="strEmptyRect" value="没画框不能提交,请检查此张图像是否漏框漏转写"/>
			<string name="strEmptyTag" value="General, Text Type, Language Tier1, Language Tier2, Others全部空，没有选择内容"/>
			<string name="strEmptyTextType_LanguageTier2" value="Text Type, Language Tier2不能空"/>
			<string name="strMultiTextType" value="Text Type不能多选"/>
			<string name="strMultiLanguageTier2" value="Language Tier2不能多选"/>
			<string name="strNotSelectNotsure" value="没有转写文字, General 没有选择Notsure"/>
			<string name="strReminderPrinted_Dutch" value="提醒： 选择的不是Printed，Dutch，请检查一下是否有选错"/>
			<string name="strReminderOthers" value="提醒： Others类型选择了TextVertical或Curveline，请检查一下是否有选错"/>
			<string name="strCheckCharacters" value="提醒： 文字里面有全角字符，请检查一下是否有错"/>

			<string name="strNotAllowEmpty" value="不能空"/>
			<string name="strTier2_Others1" value="Language Tier2, LineBox Type和Others 标题下面的'Bullet'不能同时空白"/>
			<string name="strTier2_Others2" value="Language Tier2, LineBox Type和Others 标题下面的'Bullet'这三个选项同时只能三选一"/>
			<string name="strNotRussianWord" value="提醒:单词中包含非俄语字符"/>
		</constants>
	</class>

	<class name="LiFT.Framework.VoiceText">
		<constants>
			<string name="strEmptyData" value="没有数据不允许提交"/>
			<string name="strNotAllowedNumber" value="阿拉伯数字不允许"/>
			<string name="strSoundFor10Second" value="单个有效语音段请控制在10s以内"/>
			<string name="strSoundFor120Len" value="单个有效语音段不能大于120 个字符"/>
			<string name="strSoundLess02" value="当前语音段小于0.2秒,不能提交"/>
			<string name="strBeforContine" value="在continue之前必须有这些符号：。.?!"/>
			<string name="strInvalidLabelNotDeleteText" value="无效标签未删除原始文本"/>
			<string name="strLabelNotMerge" value="相邻的同类无效标签未合并"/>
			<string name="strInvalidLabelLessThan1" value="无效标签时长低于一秒"/>
			<string name="strCheckLabelMerge" value="相邻两个有效语音段,总时长少于10秒,字符少于120,请检查是否要合并"/>
		</constants>
	</class>
	<class name="LiFT.Framework.VoiceText_2023">
		<constants>
			<string name="strEmptyData" value="没有数据不允许提交"/>
			<string name="strNotAllowedNumber" value="阿拉伯数字不允许"/>
			<string name="strSoundFor10Second" value="单个有效语音段请控制在10s以内"/>
			<string name="strSoundFor120Len" value="单个有效语音段不能大于120 个字符"/>
			<string name="strSoundLess02" value="当前语音段小于0.2秒,不能提交"/>
			<string name="strBeforContine" value="在continue之前必须有这些符号：。.?!"/>
			<string name="strInvalidLabelNotDeleteText" value="无效标签未删除原始文本"/>
			<string name="strLabelNotMerge" value="相邻的同类无效标签未合并"/>
			<string name="strInvalidLabelLessThan1" value="无效标签时长低于一秒"/>
			<string name="strCheckLabelMerge" value="相邻两个有效语音段,总时长少于10秒,字符少于120,请检查是否要合并"/>
			<string name="strMissLabelAorB" value="纯文本需要输入A或者B标签"/>
		</constants>
	</class>
	<class name="LiFT.Framework.VoiceText_Part2">
		<constants>
			<string name="strEmptyData" value="没有数据不允许提交"/>
			<string name="strNotAllowedNumber" value="阿拉伯数字不允许"/>
			<string name="strSoundFor10Second" value="单个有效语音段请控制在15s以内"/>
			<string name="strSoundFor120Len" value="单个有效语音段不能大于120 个字符"/>
			<string name="strSoundLess02" value="当前语音段小于0.2秒,不能提交"/>
			<string name="strBeforContine" value="在continue之前必须有这些符号：。.?!"/>
			<string name="strInvalidLabelNotDeleteText" value="无效标签未删除原始文本"/>
			<string name="strLabelNotMerge" value="相邻的同类无效标签未合并"/>
			<string name="strInvalidLabelLessThan1" value="无效标签时长低于一秒"/>
			<string name="strCheckLabelMerge" value="相邻两个有效语音段,总时长少于15秒,字符少于120,请检查是否要合并"/>
		</constants>
	</class>

	<class name="LiFT.Framework.MS_OCRTag2021">
		<constants>
			<string name="strTextTypeEmpty" value="TextType不能为空或者不能多选"/>
			<string name="strNotAllowMoreLanguage" value="Language不能为空或者不能多选"/>
			<string name="strTextTypeAndLanguage" value="请确认TextType和Language栏位是否选择正确"/>
			<string name="strInputTextWithNotsure" value="请确认此框是正常转写还是要标Notsure"/>
			<string name="strNoTextWithNotsure" value="如果此框是Notsure，请去掉TextType 和语言的勾选"/>
			<string name="strBulletWithEnglish" value="请检查此框是否属于项目符号，如果是，Language请更改为English"/>
			<string name="strOtherWithCurveLine" value="请检查此框是否属于圆形，拱形等有弧度的框，如果是，请忽略此提醒。如果不是，请取消勾选"/>
			<string name="strOtherWithTextVertical" value="请检查此框文字是否从上到下或者从下到上阅读，如果是，请忽略此提醒。如果不是，请取消勾选"/>
			<string name="strSlovakCheckLorT" value="此单词转写包含了L' ，l' ，T' ，t'，请确认是否转写正确 (SK语言，正确应该是这4个Ľ ľ Ť ť )"/>
		</constants>
	</class>

	<class name="AutoUpdate.AppUpdater">
		<!--phillip-->
		<!--[方案名]_[类名]-->
		<title></title>
		<!--可选,代表Form的Text属性-->
		<constants>
			<string name="CheckUpdate" value="检查更新" />
		</constants>
	</class>
	<class name="AutoUpdate.FrmUpdate">
		<!--phillip-->
		<!--[方案名]_[类名]-->
		<title>LiFT App 自动更新程序</title>
		<!--可选,代表Form的Text属性-->
		<controls>
			<control name="btnFinish" text="完成" />
			<control name="btnNext" text="下一页" />
			<control name="btnCancel" text="取消" />
			<control name="lbMessage3" text="感谢使用在线升级" />
			<control name="label2" text='     程序更新完成,如果程序更新期间被关闭,点击"完成"自动更新程序会自动重新启动LiFT系统。' />
			<control name="label3" text="欢迎关注我们的LiFT系统" />
		</controls>
		<constants>
			<string name="ConfigurationFileError" value="配置文件出错!" />
			<string name="ServerConnection" value="连接服务器失败,操作超时!" />
			<string name="NoUpdate" value="没有可用的更新" />
			<string name="FailedDownload" value="文件下载失败" />
			<string name="FileError" value="复制，删除文件出错:"/>
		</constants>
	</class>
	<class name="LiFT.LTFDataType.JobTemplate_new.JobTemplate">
		<constants>
			<string name="templateException" value="模版文件不能为null！" />
		</constants>
	</class>
	<class name="LWDataGridView.frmChechInfo">
		<title>空白检查 -- [双击单元格可以跳到空白列]</title>
		<controls>
			<control name="btn_Back" text="返回检查" />
			<control name="btn_Continue" text="继续保存" />
		</controls>
		<constants>
			<string name="strBlankColunm" value="整列空白" />
			<string name="strBlankTable" value="表头或者表身空白" />
		</constants>
	</class>
	<class name="LWDataGridView.frmCheckPassword">
		<title>需要输入密码验证</title>
		<controls>
			<control name="label2" text="用户名：" />
			<control name="label3" text="密码：" />
			<control name="btn_Cancel" text="取消" />
			<control name="btn_OK" text="确认" />
		</controls>
	</class>
	<class name="LWDataGridView.frmErrorCheck">
		<title>规则检查错误</title>
		<contants>
			<control name="btnCancel" text="返回检查" />
			<control name="btnOK" text="继续提交" />
			<control name="label2" text="输入密码继续提交:" />
		</contants>
		<constants>
			<string name="pwdErrorMessage" value="密码错误" />
		</constants>
	</class>
	<class name="LWDataGridView.frmException">
		<title>Exception</title>
		<controls>
			<control name="lblPassword" text="密码 :" />
			<control name="lblReason" text="原因 :" />
		</controls>
	</class>
	<class name="LWDataGridView.KeyDataGridViewPanel">
		<controls>
			<control name="label2" text="模板" />
			<control name="label1" text="表格" />
			<control name="btnBackImage" text="上一页" />
			<control name="btnNext" text="下一页" />
			<control name="btn_exception" text="问题/特殊方" />
		</controls>
		<constants>
			<string name="failBtachMessage" value="注意，这是QA Fail的Batch" />
			<string name="xmlLoadFailMessage" value="XML 数据加载错误，点击【确定】，LiFT系统会重新启动" />
			<string name="loadDataErrorMessage" value="数据加载错误" />
			<string name="spaceMessage" value="当前方没有输入任何内容，确定是否需要Submit？" />
			<string name="warningMessage" value="警告！" />
			<string name="emptyFileMessage" value="文件大小是0kb,可能还未输入,请检查!\r\n文件名：{0}" />
			<string name="ersMessage" value="注意！此Batch检查到不同Image之间含有大量重复数据，请确认是否要重新检查" />
			<string name="commentsMessage" value="Comments不能空" />
			<string name="inputMessage" value="Comments输入的不是Census,Prelimpopschedule,Titlepage,Duplicate,Bad,Blank" />
			<string name="genderMessage" value="self_empty_info_gender_orig不能空" />
			<string name="maritalstatusMessage" value="self_empty_info_maritalstatus_orig不能空" />
			<string name="lineMessage" value="general_line_number_orig不能空" />
			<string name="numMessage" value="{0} -> :general_line_number_orig，输入的内容【{1}】不是数字\n" />
			<string name="sortMessage" value="{0} -> :general_line_number_orig，输入的内容【{1}】【{2}】不是从小到大的\n" />
			<string name="cnMessage" value="{0} -> :{1} :输入：{2}]不允许中文字符\n" />
			<string name="saveMessage" value="Image -> {0}\n\n系统保存的时候检查到Static状态，该状态会导致Check,Rework状态出现空白方\n\n{1}--->{2}" />
			<string name="emptyMessage" value="Image -> {0}\n\n统计KS为0,必须输入内容，否则不能跳下一页和上一页，不能Submit" />
			<string name="letterMessage" value="首字母大写" />
			<string name="spaceDicMessage" value="空格继续字典" />
			<string name="jumpedMessage" value="回车跳下行" />
			<string name="charMessage" value="扩展字符" />
			<string name="numDicMessage" value="0～9选择字典" />
			<string name="dicMessage" value="字典" />
			<string name="IgnoreCaseMessage" value="忽略大小写" />
			<string name="colorCheckMessage" value="仍有颜色标记没有检查完，是否继续检查?"/>
		</constants>
	</class>
	<class name="LWDataGridView.frmChechInfo">
		<constants>
			<string name="strMessage" value="以下栏位出现整列空白，必须输入用户和密码\n" />
		</constants>
	</class>
	<class name="LifeImageCilent.DgvLookuper">
		<constants>
			<string name="findMessage" value="查找达到了搜索的起始点" />
			<string name="promptMessage" value="提示" />
			<string name="notFindMessage" value="未找到以下指定文本" />
		</constants>
	</class>
	<class name="LifeImageCilent.LifeImage">
		<constants>
			<string name="recordMessage" value="只有1条记录，不能删除!" />
			<string name="saveBatchMessage" value="要保存这个Batch吗" />
			<string name="promptMessage" value="提示" />
		</constants>
	</class>
	<class name="LWDataGridView.KeyGrid">
		<constants>
			<string name="insertRowsMessage" value="是否要添加" />
			<string name="notInDicMessage" value="输入的内容不在字典里面" />
			<string name="rowsMessage" value="行" />
			<string name="cellMessage" value="单元格" />
			<string name="firstRowsMessage" value="第一行不能删除" />
			<string name="onlyRowMessage" value="只有1行，不能删行,如果不需要该行的内容，请选中所有单元格，按Delete" />
			<string name="delRowsMessage" value="是否要删除" />
		</constants>
	</class>
	<class name="LWDataGridView.frmException">
		<constants>
			<string name="pwdErrorMessage" text="密码错误" />
		</constants>
	</class>
	<class name="LFT_ProcessControl.frmBatchBillboard">
		<constants>
			<string name="ChangeStauts_Completed" value="该Batch:\{0}\是Complete状态，不允许更改!" />
			<string name="ChangeStauts_Reassigned" value="该Batch:\{0}\是Assigned状态，请先Lock后再重试!" />
			<string name="ChangeStauts_Wroking" value="该Batch:\{0}\是Working状态，请先Lock后再重试!" />
			<string name="ChangeStauts_Pending" value="该Batch:\{0}\是Pending状态，请先Lock后再重试!" />
			<string name="ChangeStauts_Merge" value="目标状态是Merge，不允许更改!" />
			<string name="UpdateStatus_Fail" value="以上Batch 状态有变化，更新失败！" />
			<string name="Delete_Task" value="当前用户没有删Task的权限！" />
			<string name="DeleteTask_Success" value="恭喜你删除Task成功！" />
			<string name="DeleteTask_Fail" value="删除Task失败，请重试！" />
			<string name="UpdateTaskStatus_Exception" value="无法更新Task:\r\n BatchName:{0}\tTaskName:{1}"/>
			<string name="UpdateTaskStatus_Exception_1" value="出现错误，请重启程序！"/>
			<string name="lowLevel" value="当前用户没有这个权限"/>
		</constants>
	</class>
	<class name="LFT_ProcessControl.frmCompleteBatch">
		<constants>
			<string name="UpdateTaskStatus_Exception" value="无法更新Task:\r\n BatchName:{0}\tTaskName:{1}" />
			<string name="Output_Success" value="Output Done!" />
		</constants>
	</class>
	<class name="LFT_ProcessControl.ComputerBrowser">
		<constants>
			<string name="Select_File" value="没有选择文件夹!" />
			<string name="Create_Directory" value="创建文件夹失败!" />
		</constants>
	</class>
	<class name="LFT_ProcessControl.ExportExcel">
		<constants>
			<string name="WIP_ExportSucess" value="当前 Project [ {0} ]的Task 生成 {1} 文件报表成功!" />
			<string name="WIP_ExportFail" value="Batch: {0} 在导出时抛出错误异常:{1}--{2}!" />
		</constants>
	</class>
	<class name="LFT_ProcessControl.FrmMultiSearch">
		<controls>
			<control name="button1" text="查找" />
			<control name="btn_Close" text="关闭" />
		</controls>
	</class>
	<class name="LFT_ProcessControl.frmOutputViewer">
		<constants>
			<string name="NOdata" value="没有相关数据!" />
		</constants>
	</class>
	<class name="LFTPrototype.ProcessControl.frmPickUser">
		<constants>
			<string name="Select_Operator" value="请选择分配人员!" />
		</constants>
	</class>
	<class name="LFT_ProcessControl.frmPostBatch">
		<constants>
			<string name="BatchPost" value="你确认Batch已经全部上传到服务器吗？" />
			<string name="BatchLoad" value="Batches Loaded 成功!" />
			<string name="BatchInit" value="Batch(es) 初始化成功!" />
		</constants>
	</class>
	<class name="LFT_ProcessControl.frmQAReport">
		<constants>
			<string name="QAReport_Done" value="跑报表成功!" />
			<string name="NO_QAProject" value="没有QA的项目！" />
		</constants>
	</class>
	<class name="LFT_ProcessControl.frmSelectServer">
		<title>选择LiFT服务器 - Process Control</title>
		<controls>
			<control name="button1" text="确定" />
			<control name="btnCancel" text="取消" />
		</controls>
		<constants>
			<string name="SelectLiFT_Server" value="请选择LiFT服务器!" />
		</constants>
	</class>
	<class name="LFT_ProcessControl.frmUserManager">
		<constants>
			<string name="Adduser_Success" value="添加用户成功!" />
			<string name="User_Empty" value="用户名不能为空!" />
			<string name="Select_One" value="你必须选择一个项!" />
			<string name="Updateuser_Sucess" value="更新用户成功!" />
			<string name="Isdelete" value="你确认需要删除吗?" />
		</constants>
	</class>
	<class name="LFT_ProcessControl.frmWIPReport">
		<constants>
			<string name="StartDate_EndDate" value="选择的开始日期不能大于结束日期，请重新选择!" />
			<string name="Select_Batch" value="请选择Batch才能生成报表!" />
		</constants>
	</class>
	<class name="LFT_ProcessControl.MulitiSearch">
		<controls>
			<control name="button1" text="查找" />
			<control name="btn_Close" text="关闭" />
		</controls>
	</class>
	<class name="LFT_ProcessControl.OutputRecheck">
		<constants>
			<string name="Split_Sucess" value="恭喜Split成功!" />
			<string name="Split_Fail" value="Split失败,请重试!" />
			<string name="Recheck_Sucess" value="恭喜Repost成功!" />
			<string name="Recheck_Fail" value="Repost失败!" />
			<string name="Repost_Check_Working" value="当前Batch:{0}在{1}状态，请处理完后，再Repost!" />
			<string name="No_Xmlfiles" value="找不到Batch的XML文件，请检查是否已经移走备份!" />
		</constants>
	</class>
	<class name="LFT_ProcessControl.QAsearch1">
		<constants>
			<string name="Enter_Batch" value="请输入Batch名!" />
		</constants>
	</class>
	<class name="LFT_ProcessControl.frmMain">
		<menuStrip name="menuItem_UserFormControl" text="用户权限控制">
		</menuStrip>
	</class>
	<class name="LFT_ProcessControl.GenericForm">
		<constants>
			<string name="No_Rigth" value="你没有权限查看!" />
		</constants>
	</class>

	<class name="LiFT.LFTReport.QCReportBase">
		<constants>
			<string name="failMessage" value="\n你手动点了 【Fail】\n"/>
			<string name="reportMsg1" value="\n设定通过率: {0}%\r\n实际正确率: {1}%\r\n{2} {3}！"/>
			<string name="reportMsg2" value="第{0}次！！"/>
		</constants>
	</class>

	<!--LifekeyImageView中文语言包-->
	<class name="LifekeyImageView.Form1">
		<title>窗体</title>
		<controls>
			<control name="button1" text="确定" />
		</controls>
	</class>
	<class name="LiFT.View.LifeKeyViewPanel">
		<controls>
			<control name="chk_topZone" text="Top Zone/显示条" />
			<control name="chk_MoveImage" text="图片跳框" />
			<control name="chk_GuideLine" text="Guide line" />
			<control name="lblContrast" text="对比度 " />
			<control name="lblBright" text="亮度" />
			<control name="label2" text="页" />
		</controls>
		<constants>
			<string name="str_optionDescs" value="Guide Line/绿线,Zone Box/红框,Top Zone/显示条,图片跳框"/>
		</constants>
	</class>

	<!--LiFTRegistrationConfig-->
	<class name="LiFT.LiFTRegistrationConfig.frmConfigration">
		<title>用户注册</title>
		<controls>
			<control name="label1" text="工号:" />
			<control name="button2" text="退出" />
			<control name="button1" text="确定" />
		</controls>
		<constants>
			<string name="registeredmessage" value="该电脑已经被不同工号注册，或该工号已经注册在其他电脑，请联系相关管理人员, 用户注册失败！"/>
			<string name="donemessage" value="用户注册完成！"/>
			<string name="failuremessage" value="用户注册失败!"/>
			<string name="promptmessage" value="请输入正确的工号！"/>
		</constants>
	</class>

	<!--LFTData-->
	<class name="LFTData.FileSystemAdapter">
		<constants>
			<string name="errfilemessage" value="文件内容是空的,是不允许上传!"/>
			<string name="filefailure" value="上传文件失败！"/>
			<string name="fileCalibrationFailure" value="文件校验失败！"/>
			<string name="DoFileCFailure" value="下载文件校验失败！"/>
			<string name="Networpr" value="网络问题！"/>
			<string name="NetworkTipbox" value="网络访问出现错误，请确认网络正常后点击“确认”。"/>
			<string name="Tryagain" value="重试"/>
			<string name="wenjiancts" value="文件错误，请点击“确认”重新下载文件！"/>
			<string name="imageinfortion" value="无法找到图片，请检查Batch是否正确放置图片："/>
		</constants>
	</class>

	<class name="LFTData.LFTDataIO">
		<constants>
			<string name="dataiosql" value="LiFT.LFTData.LFTDataIO-->MKQCReport():需执行SQL语句为 {0}条，实际成功 {1}条。"/>
			<string name="kongbai" value="空白页？？"/>
			<string name="zhentong" value="当前Batch:{4},正确率是:{0},要求通过率是:{1}.\r\nError Char Count:{2},Total Char Count:{3}\r\n通过"/>
			<string name="shibaizhentong" value="当前Batch:{4},正确率是:{0},要求通过率是:{1}.\r\nError Char Count:{2},Total Char Count:{3}\r\n失败"/>
			<string name="jobexception" value="找不到这个项目的工作模板"/>
			<string name="usererror" value="用户或者密码错误!"/>
			<string name="CheckServerDate1" value="获取服务器时间失败!"/>
			<string name="CheckServerDate2" value="本地时间和服务器时间相差2个小时以上;请调整好电脑时间!"/>
		</constants>
	</class>

	<class name="LiFT.LFTData.PreLoadBatch">
		<constants>
			<string name="msg1" value="\n有预加载Batch,正在下载:[{0}/{1}]"/>
			<string name="msg2" value="\n有预加载Batch,正在下载:[{0}/{1}]\n正在下载XML..."/>
			<string name="msg3" value="\n有预加载Batch,正在下载:[{0}/{1}]\n下载Image -> [{2}/{3} ]\n{4}"/>
		</constants>
	</class>

	<class name="LiFT.LFTData.DataAdapterManager">
		<constants>
			<string name="GetALLWorkflow1" value="找不到ALL_WF开头的模板,请联系【FM部门】放置对应的工作模板文件!"/>
		</constants>
	</class>

	<class name="LFTData.MySQLAdapter">
		<constants>
			<string name="taskcuowu" value="获取Task出错，请点击确认键，待网络恢复后可继续提交\nGetDatatable---> Error!"/>
			<string name="Netwangluo" value="网络错误!"/>
			<string name="Nettip" value="网络访问出现错误，请确认网络正常后点击“重试”!"/>
			<string name="whether" value="是否重试!"/>
		</constants>
	</class>

	<class name="LFTData.WorkflowDirector">
		<constants>
			<string name="folwTip1" value="不能找到一个有效的流程,请检查工作流模板!"/>
			<string name="folwTip2" value="不能找到下一个流程,请检查工作流模板!"/>
			<string name="pevious" value="[GetPeviousStatusForAudit] 异常!\n"/>
		</constants>
	</class>

	<!--MarkingScheme-->
	<class name="MarkingScheme.MK_OCR.LifeOCRHelp">
		<controls>
			<control name="label1" text="LiFT OCR说明:\n\n1.在需要OCR的文字区域使用鼠标右键画方框\n\n2.如果选择Multiple,则会显示编辑OCR结果的文字框\n\n3.替换功能，把OCR里面的字符替换成另外的字符\n\n4.Office OCR需要Microsoft Office Document Scanning\n" />
			<control name="chk_Multiple" text="多个行" />
			<control name="label5" text="填充方式:" />
			<control name="label3" text="正在OCR……" />
			<control name="chk_iDRS_OCR" text="iDRS OCR" />
			<control name="chk_office_OCR" text="Office OCR" />
			<control name="chk_continue" text="继续OCR" />
			<control name="label4" text="替换成:" />
			<control name="btn_Replace" text="Replace" />
			<control name="btn_Done" text="Done" />
			<control name="btn_Cancel" text="取消OCR" />
		</controls>
		<constants>
			<string name="officeOCR" value="Microsoft Office Document Scannin \n\n"/>
			<string name="ofocr" value="Office OCR"/>
		</constants>
	</class>

	<class name="MarkingScheme.MKSchemeLib.LWTemplate">
		<constants>
			<string name="isdata" value="已经存在表名:"/>
		</constants>
	</class>

	<class name="MarkingScheme.MKSchemeUI.DgvLookuper">
		<constants>
			<string name="FiTip" value="未找到以下指定文本：\n\n"/>
			<string name="tipf" value="提示"/>
		</constants>
	</class>

	<class name="MarkingScheme.FailDialog">
		<title>Fail Batch</title>
		<controls>
			<control name="groupBox1" text="选择错误类型：" />
			<control name="checkBox1" text="A. 手误" />
			<control name="checkBox2" text="B. 辨认错误" />
			<control name="checkBox3" text="C. 漏输" />
			<control name="checkBox4" text="D. 错栏位" />
			<control name="label1" text="其他:" />
			<control name="buttonSubmit" text="提交" />
		</controls>
	</class>

	<class name="LiFT.Framework.FailDialog_AI_OCR">
		<title>Fail Batch</title>
		<controls>
			<control name="groupBox1" text="选择错误类型：" />
			<control name="checkBox1" text="A. 框错" />
			<control name="checkBox2" text="B. 转写错" />
			<control name="checkBox3" text="C. 标签错" />
			<control name="checkBox4" text="D. 4个点不贴边" />
			<control name="label1" text="其他:" />
			<control name="buttonSubmit" text="提交" />
		</controls>
		<constants>
			<string name="str_Empty" value="请选择错误原因，不能空白提交"/>
		</constants>
	</class>

	<class name="LiFT.Framework.FailDialog_MS_OCR">
		<title>Fail Batch</title>
		<controls>
			<control name="groupBox1" text="选择错误类型：" />
			<control name="checkBox1" text="A. 框错" />
			<control name="checkBox2" text="B. 转写错" />
			<control name="checkBox3" text="C. tag错" />
			<control name="checkBox4" text="D. 多框或者漏框" />
			<control name="label1" text="其他:" />
			<control name="buttonSubmit" text="提交" />
		</controls>
		<constants>
			<string name="str_Empty" value="请选择错误原因，不能空白提交"/>
		</constants>
	</class>

	<class name="LiFT.Framework.FailDialog_Face">
		<title>Fail Batch</title>
		<controls>
			<control name="groupBox1" text="选择错误类型：" />
			<control name="checkBox1" text="A. 多输" />
			<control name="checkBox2" text="B. 漏单词" />
			<control name="checkBox3" text="C. 漏记录" />
			<control name="checkBox4" text="D. 匹配不对" />
			<control name="checkBox5" text="E. 名字打反" />
			<control name="checkBox6" text="F. 辨认错误" />
			<control name="label1" text="其他:" />
			<control name="buttonSubmit" text="提交" />
		</controls>
		<constants>
			<string name="str_Empty" value="请选择错误原因，不能空白提交"/>
		</constants>
	</class>

	<class name="LFTForFace.FailDialogForImage">
		<title>Fail原因选择</title>
		<controls>
			<control name="groupBox1" text="选择错误类型：" />

			<control name="checkBox1" text="A. 多输单词" />
			<control name="checkBox2" text="B. 多输记录" />
			<control name="checkBox3" text="C. 漏单词" />
			<control name="checkBox4" text="D. 漏记录" />
			<control name="checkBox5" text="E. 匹配不对" />
			<control name="checkBox6" text="F. 名字打反" />
			<control name="checkBox7" text="G. 辨认错误" />
			<control name="checkBox8" text="H. 类型错误" />

			<control name="label1" text="其他:" />
			<control name="buttonSubmit" text="提交" />
		</controls>
		<constants>
			<string name="str_Empty" value="请选择错误原因，不能空白提交"/>
		</constants>
	</class>

	<class name="MarkingScheme.FrmSearch">
		<title>查找</title>
		<controls>
			<control name="label1" text="Search Word:" />
			<control name="button1" text="查找" />
			<control name="btn_Close" text="关闭" />
		</controls>
	</class>

	<class name="MarkingScheme.ImageViewer">
		<constants>
			<string name="lastview" value="最后一页文档"/>
			<string name="Ccoord" value="选择的坐标有问题，请重新选择"/>
		</constants>
	</class>

	<class name="MarkingScheme.InsertRowSetting">
		<title>添加或删除</title>
		<controls>
			<control name="lblMsg" text="label2" />
			<control name="label1" text="1.数量" />
			<control name="label2" text="2.图片" />
			<control name="checkBox1" text="3.After" />
			<control name="btnCancel" text="取消" />
			<control name="btnOK" text="确定" />
		</controls>
		<constants>
			<string name="ImageTip" value="你输入的Image Name已经存在\n\n需要插入行，请使用 Ctrl + Insert"/>
		</constants>
	</class>

	<class name="MarkingScheme.MKHotkeys">
		<constants>
			<string name="ctrlf1" value="跳到有颜色的单元格"/>
			<string name="ctrld" value="填充空白的单元格"/>
			<string name="ctrl1" value="这里是数字1，自动加1功能"/>
			<string name="ctrlf" value="查找功能"/>
			<string name="ctrlinsert" value="插入行"/>
			<string name="ctrldetele" value="删除行"/>
			<string name="ctrlinsertsuo" value="插入一个Image"/>
			<string name="ctrldete" value="删除整个Image的记录，只要手动插入的才能删除"/>
			<string name="ctrlfuzhi" value="筛选功能"/>
			<string name="ctrlchazhao" value="查找功能"/>
			<string name="fcahzhao" value="查找功能,在最上面的查找内容:"/>
			<string name="yidongtupian" value="移动图片"/>
			<string name="jiahao" value="加号"/>
			<string name="jianhao" value="减号"/>
			<string name="fd" value="放大图片"/>
			<string name="sx" value="缩小图片"/>
			<string name="xsdyg" value="显示有颜色的单元格快捷键"/>
			<string name="yema" value="图片有多页的时候，图片翻到下页"/>
			<string name="kuaijie" value="显示或者隐藏列的快捷界面"/>
			<string name="sbkuaijie" value="Sumbit快捷键"/>
			<string name="tupiankuaijie" value="图片恢复最原始大小快捷键"/>
			<string name="xsqiehuan" value="显示的数据切换"/>
		</constants>
	</class>

	<class name="MarkingScheme.OperationCount">
		<title>添加或删除</title>
		<controls>
			<control name="lblMsg" text="label2" />
			<control name="label1" text="数量" />
			<control name="btnCancel" text="取消" />
			<control name="btnOK" text="确定" />
		</controls>
	</class>

	<class name="MarkingScheme.QcRateSet">
		<title>QcRateSet</title>
		<controls>
			<control name="label1" text="QC Ratio:" />
			<control name="btnOK" text="确定" />
			<control name="btnCancel" text="取消" />
		</controls>
	</class>

	<class name="MarkingScheme.ToolStripManager">
		<constants>
			<string name="shouda" value="首字母大写"/>
			<string name="shuzizidian" value="0-9选择字典"/>
			<string name="kgjx" value="空格继续字典"/>
			<string name="huicheyou" value="回车向右"/>
			<string name="huichexia" value="回车向下"/>
			<string name="anliesou" value="按列搜索"/>
			<string name="kuozhanzf" value="扩展字符"/>
			<string name="shiyongzidian" value="使用字典"/>
			<string name="liangdu" value="调整亮度"/>
			<string name="tupiantiaok" value="图片跳框"/>
		</constants>
	</class>

	<class name="MarkingScheme.ucMK">
		<controls>
			<control name="toolStripButtonHideColums" text="显示/隐藏列" />
			<control name="toolStripButtonReset" text="重置图像(F7)" />
			<control name="toolStripButtonQARatio" text="10% 通过率" />
			<control name="toolStripLabel5" text="当前的图片:" />
			<control name="toolStripLabel1" text="查找内容:" />
			<control name="toolStripButtonHotKeys" text="热键帮助" />
			<control name="toolStripButtonSave" text="保存" />
			<control name="toolStripButtonSubmit" text="提交" />
			<control name="toolStripButtonFail" text="返回的" />
			<control name="toolStripButtonErrorList" text="错误列表" />
			<control name="toolStripButtonErrorRow" text="错误的行数" />
			<control name="groupBox2" text="示例" />
			<control name="lbl_Red" text="1.验证上面" />
			<control name="lbl_LightPink" text="2.不是在字典" />
			<control name="lbl_SkyBlue" text="3.其他" />
			<control name="lbl_Yellow" text="4.内容改变了" />
			<control name="lbl_Fuchsia" text="5.错误发生变化" />
			<control name="lblTaskIndex" text="lable1" />
			<control name="toolStripStatusLabel1" text="当前 Batch:" />
			<control name="toolStripStatusLabel3" text="当前 Image:" />
			<control name="toolStripStatusLabel7" text="信息:" />
		</controls>
		<constants>
			<string name="Tipa" value="打开batch"/>
			<string name="zhaobatch" value="找不到Image"/>
			<string name="savadata" value="SaveDataToServer -> Upload"/>
			<string name="savadata2" value="SaveDataToServer"/>
			<string name="isbatch" value="是否确定要Save数据？此操作不会 提交 Batch。"/>
			<string name="iamgerows" value="该Image只有1行记录，不能删除"/>
			<string name="rows" value="删除行"/>
			<string name="imagetou" value="Image表头，不能删除"/>
			<string name="bushishoudong" value="不是手动插入的Image，不能删除!"/>
			<string name="qudingshanchu" value="确定要删除Image [ {0} ] ?\n记录条数 ：{1}"/>
			<string name="srbzzd1" value="输入的内容不在字典里面"/>
			<string name="srbzzd2" value="不是在字典"/>
			<string name="dianyuangexz1" value="不能为空，该单元格限制必须输入内容."/>
			<string name="dianyuangexz2" value="必须输入"/>
			<string name="zidingyi" value="自定义规则"/>
			<string name="Inv" value="invalid data mask -"/>
			<string name="Rng" value="RegularExpressionOnLeave"/>
			<string name="cuowulist" value="确定要重新刷新Error List里面的错误？"/>
			<string name="faxian" value="发现以下Image里面有的字段输入问号，请确实是否要保存\n\n[Image Name]\t\t[数量]\n"/>
			<string name="squed" value="是否确定要Submit？"/>
		</constants>
	</class>

	<class name="MarkingScheme.ucMK_Scheme">
		<constants>
			<string name="ucmk1" value="是否确定要Submit？"/>
			<string name="ucmk2" value="将数据保存到服务器 -> Upload"/>
			<string name="ucmk3" value="SaveDataToServer"/>
			<string name="ucmk4" value="是否确定要Save数据？此操作不会 提交 Batch。"/>
			<string name="ucmk5" value="保存完成"/>
			<string name="ucmk6" value="保存返回"/>
			<string name="ucmk7" value="保存"/>
			<string name="ucmk8" value="你还没有 提交/保存 此 Batch，确定要退出吗？"/>
			<string name="ucmk9" value="该Image只有1行记录，不能删除"/>
			<string name="ucmk10" value="删除行"/>
			<string name="ucmk11" value="invalid data mask -"/>
			<string name="ucmk12" value="RegularExpressionOnLeave"/>
			<string name="ucmk13" value="输入的内容不在字典里面"/>
			<string name="ucmk14" value="不是在字典"/>
			<string name="ucmk15" value="不能为空，该单元格限制必须输入内容"/>
			<string name="ucmk16" value="必须输入"/>
			<string name="ucmk17" value="是否确定要Fail这个Batch？"/>
			<string name="ucmk18" value="问题"/>
			<string name="ucmk19" value="单击失败批成功!\n"/>
			<string name="ucmk20" value="鼠标单击列标题"/>
		</constants>
	</class>

	<class name="MarkingScheme.ucMK1940">
		<controls>
			<control name="toolStripLabel4" text="StandardJobs:" />
			<control name="toolStripButtonHideColums" text="Show/Hide Colums" />
			<control name="toolStripButtonReset" text="Reset Image [ F7 ]" />
			<control name="toolStripButtonQARatio" text="10% Ratio" />
			<control name="toolStripLabel5" text="CurrentImage:" />
			<control name="groupBox2" text="Example" />
			<control name="lbl_Chk_Step5" text="1.图像抽检 ☜" />
			<control name="lbl_Chk_Step4" text="2.行数≠40 ▶" />
			<control name="lbl_Chk_Step3" text="3.不符合规则 ▶" />
			<control name="lbl_Chk_Step2" text="4.空白 ▶" />
			<control name="lbl_Chk_Step1" text="5.不在字典 ▶" />
		</controls>
		<constants>
			<string name="xianshi" value="高亮显示"/>
			<string name="mc2" value="打开bacth"/>
			<string name="mc3" value="注意，这个提示是上次Fail的Batch信息"/>
			<string name="mc4" value="还没有到最后一步，不能提交"/>
			<string name="mc5" value="是否确定要提交？"/>
			<string name="mc6" value="提交成功!\n"/>
			<string name="mc7" value="将数据保存到服务器 -> Upload"/>
			<string name="mc8" value="将数据保存到服务器"/>
			<string name="mc9" value="是否确定要Save数据？此操作不会 提交 Batch"/>
			<string name="mc10" value="保存完成"/>
			<string name="mc11" value="保存返回"/>
			<string name="mc12" value="保存"/>
			<string name="mc13" value="你还没有 提交/保存 此 Batch，确定要退出吗?"/>
			<string name="mc14" value="该Image只有1行记录，不能删除"/>
			<string name="mc15" value="删除行"/>
			<string name="mc16" value="invalid data mask -"/>
			<string name="mc17" value="RegularExpressionOnLeave"/>
			<string name="mc18" value="输入的内容不在字典里面"/>
			<string name="mc19" value="不再字典里面"/>
			<string name="mc20" value="不能为空，该单元格限制必须输入内容"/>
			<string name="mc21" value="必须输入"/>
			<string name="mc22" value="还没有到最后一步，不能Fail"/>
			<string name="mc23" value="是否确定要Fail这个Batch？"/>
			<string name="mc24" value="问题"/>
			<string name="mc25" value="单击失败批成功的问题!\n"/>
			<string name="mc26" value="鼠标单击列标题"/>
			<string name="mc27" value="上传文件失败，请重试！"/>
		</constants>
	</class>

	<class name="LFTForFace.ToolStripManager">
		<constants>
			<string name="shouda" value="首字母大写"/>
			<string name="shuzizidian" value="0-9选择字典"/>
			<string name="kgjx" value="空格继续字典"/>
			<string name="huicheyou" value="回车向右"/>
			<string name="huichexia" value="回车向下"/>
			<string name="anliesou" value="According to the column search"/>
			<string name="kuozhanzf" value="扩展字符"/>
			<string name="shiyongzidian" value="使用字典"/>
			<string name="liangdu" value="调整亮度"/>
			<string name="tupiantiaok" value="Pictures jump box"/>
			<string name="strZoneSize" value="画框线条"/>
			<string name="FirstWord" value="同第一个单词"/>
			<string name="upLine" value="向上插行"/>
		</constants>
	</class>

	<class name="LFTForFace.frmLFTForFace">
		<constants>
			<string name="strNotIndic" value="输入的内容不在字典里面"/>

			<string name="doctype_empty" value="doctype 不能空"/>
			<string name="doctype_allow" value="doctype只能输入这几个类型: "/>
			<string name="doctype_coordinate" value="doctype不能有坐标"/>
			<string name="doctype_special" value="特殊方(Page 2,Capture,OCR Fail,Skewed,Rotated,Target),身体部分不能有内容"/>
			<string name="doctype_special_header" value="特殊方(Page 2,Capture,OCR Fail,Skewed,Rotated,Target),表头部分不能有内容"/>

			<string name="coordinates_empty" value="坐标不能空"/>
			<string name="coordinates_less" value="Picture Coordinates的坐标必须大于Box Coordinates坐标"/>

			<string name="coordinates_given" value="Given的坐标高度必须小于Box_Coordinates坐标高度"/>
			<string name="coordinates_surname" value="Surname的坐标高度必须小于Box_Coordinates坐标高度"/>

			<string name="coordinates_negative" value="坐标不能出现负数, 当前坐标"/>
			<string name="coordinates_toobig" value="坐标超过图片大小, 当前坐标"/>

			<string name="cell_data" value="栏位有内容，坐标不能空"/>
			<string name="cell_empty" value="栏位没有内容，但是有坐标，请检查"/>

			<string name="str_save" value="要保存这个Batch吗?\r\n【Yes】保存，【No】放弃保存"/>

			<string name="img_misscheck" value="为了防止漏检查图片，请在最后一张图片再点Submit"/>

			<string name="strMustEnter" value="不能为空，该单元格限制必须输入内容."/>
			<string name="strDrawZone" value="必须画框."/>

			<string name="strDeleteRow" value="不能全部删除所有的行，最少要有一行"/>

			<string name="strCopyframe" value="Copy frame功能只能第一行的Picture Coordinates单元格使用"/>

			<string name="strNotFindImg" value="找不到对应的Image，使用系统默认的图片"/>

			<string name="strNoRecord" value="当doctype是Zone，UnZone,Page 1,Group类型的时候,Record不能空白"/>

			<string name="str_NotAllowWord" value="单词中不允许出现数字 ( ) &amp; %"/>
			<string name="str_NotAllowSecondWord" value="第二个单词不允许输入: Van, Von, De, Del, La, Le, Mc, Mac, St, dela, delos, di, du, el, Santa\r\n\r\n选择 [Yes] 跳过该规则"/>
		</constants>
	</class>
	<class name="LFTForFace.frmLFTForFaceQC">
		<constants>
			<string name="strNotIndic" value="输入的内容不在字典里面"/>

			<string name="doctype_empty" value="doctype 不能空"/>
			<string name="doctype_allow" value="doctype只能输入这几个类型: "/>
			<string name="doctype_coordinate" value="doctype不能有坐标"/>
			<string name="doctype_special" value="特殊方(Page 2,Capture,OCR Fail,Skewed,Rotated,Target),身体部分不能有内容"/>
			<string name="doctype_special_header" value="特殊方(Page 2,Capture,OCR Fail,Skewed,Rotated,Target),表头部分不能有内容"/>

			<string name="coordinates_empty" value="坐标不能空"/>
			<string name="coordinates_less" value="Picture Coordinates的坐标必须大于Box Coordinates坐标"/>

			<string name="coordinates_given" value="Given的坐标高度必须小于Box_Coordinates坐标高度"/>
			<string name="coordinates_surname" value="Surname的坐标高度必须小于Box_Coordinates坐标高度"/>

			<string name="coordinates_negative" value="坐标不能出现负数, 当前坐标"/>
			<string name="coordinates_toobig" value="坐标超过图片大小, 当前坐标"/>

			<string name="cell_data" value="栏位有内容，坐标不能空"/>
			<string name="cell_empty" value="栏位没有内容，但是有坐标，请检查"/>

			<string name="str_save" value="要保存这个Batch吗?\r\n【Yes】保存，【No】放弃保存"/>

			<string name="img_misscheck" value="为了防止漏检查图片，请在最后一张图片再点Submit"/>

			<string name="strMustEnter" value="不能为空，该单元格限制必须输入内容."/>
			<string name="strDrawZone" value="必须画框."/>

			<string name="strDeleteRow" value="不能全部删除所有的行，最少要有一行"/>

			<string name="strCopyframe" value="Copy frame功能只能第一行的Picture Coordinates单元格使用"/>

			<string name="strNotFindImg" value="找不到对应的Image，使用系统默认的图片"/>
		</constants>
	</class>

	<class name="LFTForFace.frmSelectRowIndex">
		<constants>
			<string name="strTitle" value="允许移动的范围是:"/>
		</constants>
	</class>
</LanguagePack>