﻿<?xml version="1.0" encoding="utf-8" ?>
<LanguagePack language="en">

	<class name="Multilanguage_formDemo">
		<!--[方案名]_[类名]-->
		<title>窗口1</title>
		<!--可选,代表Form的Text属性-->
		<controls>
			<control name="label1" text="Label1" />
			<control name="label2" text="Label2" />
			<control name="label3" text="Label3" />
			<control name="groupBox1" text="Group1" />
			<control name="checkBox1" text="Check1" />
			<control name="checkBox2" text="Check2" />
			<control name="checkBox3" text="Check3" />
			<control name="button1" text="Dialog" />
			<control name="button2" text="Exception" />
			<control name="menu1ToolStripMenuItem" text="Menu1"/>
			<control name="menu2ToolStripMenuItem" text="Menu2"/>
			<control name="children1ToolStripMenuItem" text="SubMenu"/>
			<control name="cMenu1ToolStripMenuItem" text="Right"/>
		</controls>
		<dialogs>
			<dialog name="testMessage" msg="test message dialog" />
			<dialog name="errorMessage" msg="test error message " />
		</dialogs>
		<exceptions>
			<exception name="testException" msg="test Exception"/>
			<exception name="errorException" msg="error please restart!"/>
		</exceptions>
	</class>

	<class name="LiFT.Framework.frmFramework">
		<constants>
			<string name="strMoveFileInfo" value="Move Exception XML :{0} Done;" />
			<string name="strMoveFileError" value="Move Exception XML fail" />
			<string name="strCheckTaskWorking" value="Check Task Error"/>
			<string name="strGetNewTaskInfo" value="The current Batch Status:{0},Operator:{1},Are you sure want to get new Batch?"/>
			<string name="strDownloadDicInfo" value="Download dictionary failure-> "/>
			<string name="strUpdateNextWorkFlow" value="This Batch Fail :{0} ，more then {1}，Do you want to lock this Batch?"/>
			<string name="strCloseInfo" value="This batch has not submit,Are you sure want to exit?"/>
			<string name="strSubmitInfo" value="Are you sure want to [{0}] this Batch?"/>
			<string name="strPauseInfo" value="Pause!"/>
			<string name="strAuditInfo" value="Retrieve [QC]?"/>
			<string name="strAuidtEndInfo" value="Retrieve [QC] done"/>
		</constants>
	</class>

	<class name="LiFT.Framework.Program">
		<constants>
			<string name="registryStr1" value="Whether the application for registration?"/>
			<string name="registryStr2" value="does not have permissions!"/>
		</constants>
	</class>

	<class name="MarkingScheme.Form1">
		<constants>
			<string name="strCloseInfo" value="This Batch have not submit, are you sure you want to Exit?"/>
		</constants>
	</class>
	<class name="LiFT.Framework.frmSelectServer">
		<controls>
			<control name="btnOK" text="OK" />
			<control name="btnCancel" text="Cancel" />
		</controls>
	</class>
	<class name="LiFT.Framework.frmSelectProcess">
		<controls>
			<control name="btnRefresh" text="Refresh [F5]" />
			<control name="btnCancel" text="Cancel" />
			<control name="btnConfirm" text="Confirm" />
		</controls>
	</class>

	<class name="LFTForVoice.Form1">
		<controls>
			<control name="label1" text="explain:\r\n1. the left list, can double click to open\r\nOr click previous/next to open\r\n\r\n2. When switching, the result of\r\nthe previous audio will be saved automatically,\r\nYou don't need to click save in Parrt\r\n\r\n3. Shortcut key description\r\nCtrl + Shift + ←  Previous audio\r\nCtrl + Shift + →  Next audio\r\nCtrl + Shift + S   Save\r\nCtrl + Shift + F7  QC Hand Fail\r\nCtrl + Shift + F8  Submit\r\nCtrl + Shift + F12 Display dictionary\r\nCtrl + Shift + 0   Display dictionary\r\nCtrl + Shift + R   Reload data\r\n\r\n" />
		</controls>
		<constants>
			<string name="strIsNotQCStatus" value="Not QC status, fail is not allowed"/>
			<string name="strIsHandworkFail" value="Hand Fail?"/>
			<string name="strIsContinueOrGoBack" value="  Click Continue or clicck 'Go Back' to check"/>
			<string name="strIsNotLast" value=" the audio is {0}.  please click Submit  in the last one"/>
			<string name="strSave" value="Do you want to save this batch?\r\n[Yes] save and [No] discard"/>
			<string name="strIsLastFile" value="is the last one, click 'Continue' to submit batch or click  'Go Back' to check"/>
		</constants>
	</class>

	<class name="LiFT.Framework.MS_OCRText">
		<constants>
			<string name="strEmptyRect" value="Totally no box/frame, CANNOT submit!pls check if any frame is missing or not transcribed"/>
			<string name="strEmptyTag" value="Missing Labels (General, Text Type, Language Tier1, Language Tier2, Others)"/>
			<string name="strEmptyTextType_LanguageTier2" value="'Text Type', 'Language Tier2' CANNOT be Blank!"/>
			<string name="strMultiTextType" value="'Text Type' CANNOT be multiple!"/>
			<string name="strMultiLanguageTier2" value="'Language Tier2' CANNOT be multiple!"/>
			<string name="strNotSelectNotsure" value="Standard Rule: If no transcription, then 'NotSure' must be selected!"/>
			<string name="strReminderPrinted_Dutch" value=" Reminder: 'Printed, Dutch' is not selected, please make sure it is correct selection."/>
			<string name="strReminderOthers" value="Reminder: 'TextVertical or Curveline' is selected, please make sure it is correct selection."/>
			<string name="strCheckCharacters" value="Reminder: the text contains full-width characters . please check"/>

			<string name="strNotAllowEmpty" value="cannot be Blank"/>
			<string name="strTier2_Others1" value="the 'Bullet' of 'Others' and the 'Language Tier2' and the 'LineBox Type' cannot be blank at the same time"/>
			<string name="strTier2_Others2" value="Only one can be selected the 'Language Tier2' or the 'LineBox Type' or the 'Bullet' of 'Others'"/>

			<string name="strNotRussianWord" value="Reminder: the word contain non Russian characters"/>
		</constants>
	</class>

	<class name="LiFT.Framework.VoiceText">
		<constants>
			<string name="strEmptyData" value="Blank data"/>
			<string name="strNotAllowedNumber" value="Arabic numerals number"/>
			<string name="strSoundFor10Second" value=" Effective voice segment is within 10s"/>
			<string name="strSoundFor120Len" value="Voice segment is exceed 120 characters"/>
			<string name="strSoundLess02" value="Voice segment is less than 0.2 seconds"/>
			<string name="strBeforContine" value="Reminder: must have these symbols (。.?!) before the lable 'continue'"/>
			<string name="strInvalidLabelNotDeleteText" value="Invalid label did not delete original text"/>
			<string name="strLabelNotMerge" value="Adjacent invalid labels of the same kind are not merged"/>
			<string name="strInvalidLabelLessThan1" value="Invalid label duration is less than one second"/>
			<string name="strCheckLabelMerge" value="Two adjacent valid texts, total time less than 10 seconds, characters less than 120, please check whether to merge"/>
			<string name="strCheckcomma_contine" value="There is a comma at the end of the previous text, and there is no 'continue' label in the current text"/>
		</constants>
	</class>
	<class name="LiFT.Framework.VoiceText_2023">
		<constants>
			<string name="strEmptyData" value="Blank data"/>
			<string name="strNotAllowedNumber" value="Arabic numerals number"/>
			<string name="strSoundFor10Second" value=" Effective voice segment is within 10s"/>
			<string name="strSoundFor120Len" value="Voice segment is exceed 120 characters"/>
			<string name="strSoundLess02" value="Voice segment is less than 0.2 seconds"/>
			<string name="strBeforContine" value="Reminder: must have these symbols (。.?!) before the lable 'continue'"/>
			<string name="strInvalidLabelNotDeleteText" value="Invalid label did not delete original text"/>
			<string name="strLabelNotMerge" value="Adjacent invalid labels of the same kind are not merged"/>
			<string name="strInvalidLabelLessThan1" value="Invalid label duration is less than one second"/>
			<string name="strCheckLabelMerge" value="Two adjacent valid texts, total time less than 10 seconds, characters less than 120, please check whether to merge"/>
			<string name="strCheckcomma_contine" value="There is a comma at the end of the previous text, and there is no 'continue' label in the current text"/>
			<string name="strMissLabelAorB" value="Plain text need input of label A or B"/>
		</constants>
	</class>

	<class name="LiFT.Framework.VoiceText_MSXF">
		<constants>
			<string name="strEmptyData" value="Blank data"/>
			<string name="strNotAllowedNumber" value="Arabic numerals number"/>
			<string name="strSoundFor15Second" value=" Effective voice segment is within 15s"/>
			<string name="strSoundFor120Len" value="Voice segment is exceed 120 characters"/>
			<string name="strSoundLess02" value="Voice segment is less than 0.2 seconds"/>
			<string name="strBeforContine" value="Reminder: must have these symbols (。.?!) before the lable 'continue'"/>
			<string name="strInvalidLabelNotDeleteText" value="Invalid label did not delete original text"/>
			<string name="strLabelNotMerge" value="Adjacent invalid labels of the same kind are not merged"/>
			<string name="strInvalidLabelMoreThan1" value="Invalid label duration is more than one second"/>
			<string name="strInvalidTowLabel" value="Two consecutive invalid labels appear"/>
			
			<string name="strCheckLabelMerge" value="Two adjacent valid texts, total time less than 10 seconds, characters less than 120, please check whether to merge"/>
			<string name="strCheckcomma_contine" value="There is a comma at the end of the previous text, and there is no 'continue' label in the current text"/>
			<string name="strMissLabelAorB" value="Plain text need input of label A or B"/>
		</constants>
	</class>

	<class name="LiFT.Framework.VoiceText_Mongolian">
		<constants>
			<string name="strEmptyData" value="Blank data"/>
			<string name="strNotAllowedNumber" value="Arabic numerals, @, # are not allowed"/>
			<string name="strSoundFor20Second" value=" Effective voice segment is within 20s"/>

			<string name="strMissLabelAorB" value="Plain text need input of label A or B"/>
			<string name="strNotMongolianAndEN" value="The text contains languages other than Mongolian and English"/>

			<string name="strMissEffectiveTags" value="miss label:[Music background]|[Clear (White Noise)]|[Voice background]|[Other]"/>
			<string name="strMissPersontags" value="miss label:[A]|[B]|[C]|[D]|[E]"/>
		</constants>
	</class>

	<class name="LiFT.Framework.VoiceText_SF_Multilingual">
		<constants>
			<string name="strEmptyData" value="Blank data"/>
			<string name="strSoundFor15Second" value=" Effective voice segment is within 20s"/>
			<string name="strSoundFor120Len" value="Voice segment is exceed 120 characters"/>			
			<string name="strInvalidTowLabel" value="Two consecutive invalid labels appear"/>

			<string name="strInvalidWithText" value="Text and invalid lable coexist"/>
			<string name="strMoreThan3Word" value="more than 3 or more English words"/>
		</constants>
	</class>
	
	<class name="LiFT.Framework.VoiceText_Part2">
		<constants>
			<string name="strEmptyData" value="Blank data"/>
			<string name="strNotAllowedNumber" value="Arabic numerals number"/>
			<string name="strSoundFor10Second" value=" Effective voice segment is within 15s"/>
			<string name="strSoundFor120Len" value="Voice segment is exceed 120 characters"/>
			<string name="strSoundLess02" value="Voice segment is less than 0.2 seconds"/>
			<string name="strBeforContine" value="Reminder: must have these symbols (。.?!) before the lable 'continue'"/>
			<string name="strInvalidLabelNotDeleteText" value="Invalid label did not delete original text"/>
			<string name="strLabelNotMerge" value="Adjacent invalid labels of the same kind are not merged"/>
			<string name="strInvalidLabelLessThan1" value="Invalid label duration is less than one second"/>
			<string name="strCheckLabelMerge" value="Two adjacent valid texts, total time less than 15 seconds, characters less than 120, please check whether to merge"/>
			<string name="strCheckcomma_contine" value="There is a comma at the end of the previous text, and there is no 'continue' label in the current text"/>
		</constants>
	</class>

	<class name="LiFT.Framework.MS_OCRTag2021">
		<constants>
			<string name="strTextTypeEmpty" value="TextType can't be unselected or multi-selected"/>
			<string name="strNotAllowMoreLanguage" value="Language can't be unselected or multi-selected"/>
			<string name="strTextTypeAndLanguage" value="Please confirm if TextType and Language field are correct"/>
			<string name="strInputTextWithNotsure" value="Please confirm this can be transcripted, else label Notsure"/>
			<string name="strNoTextWithNotsure" value="If this is Notsure, please remove TextType selection and Language selection"/>
			<string name="strBulletWithEnglish" value="Please check if this is a bullet, if so, selection English as Language selection"/>
			<string name="strOtherWithCurveLine" value="Please check whether this box is round, arched, or other curved boxes. If so, please ignore this reminder. If not, please uncheck"/>
			<string name="strOtherWithTextVertical" value="Please check whether the reading direction is from top to bottom or bottom to top. If true, please ignore. If not, please uncheck."/>
			<string name="strSlovakCheckLorT" value="Please double check the l ' and t ' transcriptions"/>
		</constants>
	</class>

	<class name="AutoUpdate.AppUpdater">
		<!--phillip-->
		<!--[方案名]_[类名]-->
		<title></title>
		<!--可选,代表Form的Text属性-->
		<constants>
			<string name="CheckUpdate" value="Check Update" />
		</constants>
	</class>
	<class name="AutoUpdate.FrmUpdate">
		<!--phillip-->
		<!--[方案名]_[类名]-->
		<title>LiFT App Auto Update</title>
		<!--可选,代表Form的Text属性-->
		<controls>
			<control name="btnFinish" text="Finish" />
			<control name="btnNext" text="Next" />
			<control name="btnCancel" text="Cancel" />
			<control name="lbMessage3" text="Online upgrade system" />
			<control name="label2" text='     Update has been completed,click the "Finish", the program will restart the LiFT system' />
			<control name="label3" text="Thank you for using the LiFT system" />
		</controls>
		<constants>
			<string name="ConfigurationFileError" value="Config file error!" />
			<string name="ServerConnection" value="Connect to the server failure,time out!" />
			<string name="NoUpdate" value="No update files, you have latest version" />
			<string name="FailedDownload" value="Download failed" />
			<string name="FileError" value="Copy/delete wrong files:"/>
		</constants>
	</class>

	<class name="LiFT.LTFDataType.JobTemplate_new.JobTemplate">
		<constants>
			<string name="templateException" value="Template file can't be null!" />
		</constants>
	</class>
	<class name="LWDataGridView.frmChechInfo">
		<title>Blank check-[double-click can jump to the blank cell]</title>
		<controls>
			<control name="btn_Back" text="Back" />
			<control name="btn_Continue" text="Continue" />
		</controls>
		<constants>
			<string name="strBlankColunm" value="Blank column" />
			<string name="strBlankTable" value="Blank head or body" />
		</constants>
	</class>

	<class name="LWDataGridView.frmCheckPassword">
		<title>Input password authentication</title>
		<controls>
			<control name="label2" text="UserName:" />
			<control name="label3" text="Password:" />
			<control name="btn_Cancel" text="Cancel" />
			<control name="btn_OK" text="Confirm" />
		</controls>
	</class>

	<class name="LWDataGridView.frmErrorCheck">
		<title>Rules Check</title>
		<constants>
			<control name="btnCancel" text="Back" />
			<control name="btnOK" text="Continue" />
			<control name="label2" text="Enter password to continue:" />
		</constants>
		<constants>
			<string name="pwdErrorMessage" value="Invalid password" />
		</constants>
	</class>
	<class name="LWDataGridView.frmException">
		<title>Exception</title>
		<controls>
			<control name="lblPassword" text="Password:" />
			<control name="lblReason" text="Description:" />
		</controls>
	</class>
	<class name="LWDataGridView.KeyDataGridViewPanel">
		<controls>
			<control name="label2" text="Template" />
			<control name="label1" text="Table" />
			<control name="btnBackImage" text="Previous page" />
			<control name="btnNext" text="Next Page" />
			<control name="btn_exception" text="Exception Image" />
		</controls>
		<constants>
			<string name="failBtachMessage" value="Warning, the batch failed by QA" />
			<string name="xmlLoadFailMessage" value="Failed to load XML, please click [OK], system will restart" />
			<string name="loadDataErrorMessage" value="XML data loading error" />
			<string name="spaceMessage" value="You have not keying anything, still want to submit?" />
			<string name="warningMessage" value="Warning!" />
			<string name="emptyFileMessage" value="The file size is 0 KB, maybe no input, please check!\r\n File Name:{0}" />
			<string name="ersMessage" value="Attention! This Batch have duplicate data in different image, please confirm!" />
			<string name="commentsMessage" value="Comments are not allow to be empty" />
			<string name="inputMessage" value="Comments entered is not Census, Prelimpopschedule, Titlepage the Duplicate, Bad, Blank" />
			<string name="genderMessage" value="self_empty_info_gender_orig can not be empty" />
			<string name="maritalstatusMessage" value="self_empty_info_maritalstatus_orig can not be empty" />
			<string name="lineMessage" value="general_line_number_orig can not be empty" />
			<string name="numMessage" value="{0} -> :general_line_number_orig，[{1}] is not a valid integer\n" />
			<string name="sortMessage" value="{0} -> :general_line_number_orig，[{1}] [{2}] is not in order\n" />
			<string name="cnMessage" value="{0} -> :{1} :Input: {2}] not allow chinese characters\n" />
			<string name="saveMessage" value="Image -> {0}\n\n System detect [Static] status, this is cause a empty form to [check] and [rework] status.\n\n{1}--->{2}" />
			<string name="emptyMessage" value="Image -> {0}\n\n no keystroke, please key in something to proceed, or click on Next page or Previous page button" />
			<string name="letterMessage" value="First char Caps Lock " />
			<string name="spaceDicMessage" value="Press spacebar to search dictionary" />
			<string name="jumpedMessage" value="Enter, move downward" />
			<string name="charMessage" value="Special characters" />
			<string name="numDicMessage" value="0 to 9 to select dictionary" />
			<string name="dicMessage" value="Dictionary" />
			<string name="IgnoreCaseMessage" value="Ignore Case" />
			<string name="colorCheckMessage" value="still not completed to check for the colors. Continue to check?"/>
		</constants>
	</class>
	<class name="LWDataGridView.frmChechInfo">
		<constants>
			<string name="strMessage" value="Please key in username and password for blank column\n" />
		</constants>
	</class>
	<class name="LifeImageCilent.DgvLookuper">
		<constants>
			<string name="findMessage" value="Search completed, back to starting point now" />
			<string name="promptMessage" value="Prompt" />
			<string name="notFindMessage" value="No search result" />
		</constants>
	</class>
	<class name="LifeImageCilent.LifeImage">
		<constants>
			<string name="recordMessage" value="No allow to delete, atleast keep one record!" />
			<string name="saveBatchMessage" value="Are you sure you want to save this batch?" />
			<string name="promptMessage" value="Prompt" />
		</constants>
	</class>
	<class name="LWDataGridView.KeyGrid">
		<constants>
			<string name="insertRowsMessage" value="Confirm to insert" />
			<string name="notInDicMessage" value="Words not in dictionary" />
			<string name="rowsMessage" value="row" />
			<string name="cellMessage" value="cell" />
			<string name="firstRowsMessage" value="First row are not allow to delete" />
			<string name="onlyRowMessage" value="Not allow to delete last record! If the content is really unnecessary, select all cells, then press delete" />
			<string name="delRowsMessage" value="Do you want to delete" />
		</constants>
	</class>
	<class name="LWDataGridView.frmException">
		<constants>
			<string name="pwdErrorMessage" text="Invalid password" />
		</constants>
	</class>
	<class name="LFT_ProcessControl.frmBatchBillboard">
		<!--可选,代表Form的Text属性-->
		<constants>
			<string name="ChangeStauts_Completed" value="This Batch:\{0}\is Completed, not allow to change the status!" />
			<string name="ChangeStauts_Reassigned" value="This Batch:\{0}\ is Reassigned, please lock this batch first!" />
			<string name="ChangeStauts_Wroking" value="This Batch:\{0}\ is Working, please lock this batch first!" />
			<string name="ChangeStauts_Pending" value="This Batch:\{0}\is Pending, please lock this batch first!" />
			<string name="ChangeStauts_Merge" value="This target status is Merge, not allow to change the status!" />
			<string name="UpdateStatus_Fail" value="The status of above batch had been changed, update failed!" />
			<string name="Delete_Task" value="No delete Task permissions!" />
			<string name="DeleteTask_Success" value="Task delete successfully!" />
			<string name="DeleteTask_Fail" value="Delete Task failed, please try again!" />
			<string name="UpdateTaskStatus_Exception" value="Can't updated Task:\r\n BatchName:{0}\tTaskName:{1}"/>
			<string name="UpdateTaskStatus_Exception_1" value="Can't updated Task:\r\n BatchName:{0}\tTaskName:{1}"/>
			<string name="lowLevel" value="Sorry,you don't have the permission!"/>
		</constants>
	</class>
	<class name="LFT_ProcessControl.frmCompleteBatch">
		<constants>
			<string name="UpdateTaskStatus_Exception" value="Can't updated Task:\r\n BatchName:{0}\tTaskName:{1}" />
			<string name="Output_Success" value="Output Done!" />
		</constants>
	</class>
	<class name="LFT_ProcessControl.ComputerBrowser">
		<constants>
			<string name="Select_File" value="No select file" />
			<string name="Create_Directory" value="Create folder failed!" />
		</constants>
	</class>
	<class name="LFT_ProcessControl.ExportExcel">
		<constants>
			<string name="WIP_ExportSucess" value="Task Report for Project [ {0} ] generated {1}!" />
			<string name="WIP_ExportFail" value="Batch {0} Error in Exporting:{1}--{2}!" />
		</constants>
	</class>
	<class name="LFT_ProcessControl.frmJobConfigure">
		<constants>
			<string name="Project_Exists" value="The Project had existed!" />
			<string name="ProjectName_null" value="The Project name can't be empty!" />
			<string name="Project_Delete" value="Can not delete!" />
		</constants>
	</class>
	<class name="LFT_ProcessControl.FrmMultiSearch">
		<controls>
			<control name="button1" text="Search" />
			<control name="btn_Close" text="Exit" />
		</controls>
	</class>
	<class name="LFT_ProcessControl.frmOutputViewer">
		<constants>
			<string name="NOdata" value="No Data!" />
		</constants>
	</class>
	<class name="LFTPrototype.ProcessControl.frmPickUser">
		<constants>
			<string name="Select_Operator" value="Please select one Operator!" />
		</constants>
	</class>
	<class name="LFT_ProcessControl.frmPostBatch">
		<constants>
			<string name="BatchPost" value="Are you sure the Batch have all been uploaded to the server?" />
			<string name="BatchLoad" value="Batches Loaded!" />
			<string name="BatchInit" value="Batch(es) has initialized!" />
		</constants>
	</class>
	<class name="LFT_ProcessControl.frmQAReport">
		<constants>
			<string name="QAReport_Done" value="Done!" />
			<string name="NO_QAProject" value="No Project!" />
		</constants>
	</class>
	<class name="LFT_ProcessControl.frmSelectServer">
		<title>Select LiFT Server - Process Control</title>
		<controls>
			<control name="button1" text="Confirm" />
			<control name="btnCancel" text="Cancel" />
		</controls>
		<constants>
			<string name="SelectLiFT_Server" value="Please select LiFT server!!" />
		</constants>
	</class>
	<class name="LFT_ProcessControl.frmUserManager">
		<constants>
			<string name="Adduser_Success" value="Add user successful!" />
			<string name="User_Empty" value="The Username can't be empty!" />
			<string name="Select_One" value="You only need to select one item!" />
			<string name="Updateuser_Sucess" value="Update user successful!" />
			<string name="Isdelete" value="Are you sure you want to delete?" />
		</constants>
	</class>
	<class name="LFT_ProcessControl.frmWIPReport">
		<constants>
			<string name="StartDate_EndDate" value="Select the start date is greater than the end date, please try again!" />
			<string name="Select_Batch" value="Please choose batches to generate report!" />
		</constants>
	</class>
	<class name="LFT_ProcessControl.MulitiSearch">
		<controls>
			<control name="button1" text="Search" />
			<control name="btn_Close" text="Exit" />
		</controls>
	</class>
	<class name="LFT_ProcessControl.OutputRecheck">
		<constants>
			<string name="Split_Sucess" value="Split Success!" />
			<string name="Split_Fail" value="Split fail,please try again!" />
			<string name="Recheck_Sucess" value="Repost Success!" />
			<string name="Recheck_Fail" value="Repost fail,please try again!" />
			<string name="Repost_Check_Working" value="The Batch:{0} is {1} status,you need first been dealt with before, and try again!" />
			<string name="No_Xmlfiles" value="Can't find the Batch XML file, make sure you have removed the backup!" />
		</constants>
	</class>
	<class name="LFT_ProcessControl.QAsearch1">
		<constants>
			<string name="Enter_Batch" value="Please enter BatchName!" />
		</constants>
	</class>
	<class name="LFT_ProcessControl.frmMain">
		<menuStrip name="menuItem_UserFormControl" text="User Permissions Control">
		</menuStrip>
	</class>
	<class name="LFT_ProcessControl.GenericForm">
		<constants>
			<string name="No_Rigth" value="You do not have permission to view!" />
		</constants>
	</class>
	<!--lebron.xu-->
	<!--LFTReport-->
	<class name="LiFT.LFTReport.QCReportBase">
		<constants>
			<string name="failMessage" value="\n You hand to click [Fail]\n"/>
			<string name="reportMsg1" value="\n Passing rate: {0}%\r\n Actual accuracy: {1}%\r\n{2} {3}!"/>
			<string name="reportMsg2" value="Fail Count: {0}"/>
		</constants>
	</class>

	<!--LifekeyImageView English pack-->
	<class name="LifekeyImageView.Form1">
		<title>Form1</title>
		<controls>
			<control name="button1" text="Submit" />
		</controls>
	</class>
	<class name="LiFT.View.LifeKeyViewPanel">
		<controls>
			<control name="chk_topZone" text="Top Zone" />
			<control name="chk_MoveImage" text="Image Track" />
			<control name="chk_GuideLine" text="Guide line" />
			<control name="lblContrast" text="Contrast " />
			<control name="lblBright" text="Brightness" />
			<control name="label2" text="Page" />
		</controls>
		<constants>
			<string name="str_optionDescs" value="Guide Line,Zone Box,Top Zone,Move by cell"/>
		</constants>
	</class>

	<!--LiFTRegistrationConfig-->
	<class name="LiFT.LiFTRegistrationConfig.frmConfigration">
		<title>LiFT App User registration</title>
		<controls>
			<control name="label1" text="Card no:" />
			<control name="button2" text="Exit" />
			<control name="button1" text="Confirm" />
		</controls>
		<constants>
			<string name="registeredmessage" value="This computer has been different id number of registered, or the id number has been registered in other computer,please contact the administrator,the registered failed!"/>
			<string name="donemessage" value="User registration finish!"/>
			<string name="failuremessage" value="User registration failure!"/>
			<string name="promptmessage" value="Please input the correct!"/>
		</constants>
	</class>

	<!--LFTData-->
	<class name="LFTData.FileSystemAdapter">
		<constants>
			<string name="errfilemessage" value="The file is empty, not allowed to upload!"/>
			<string name="filefailure" value="Upload file fail!"/>
			<string name="fileCalibrationFailure" value="File calibration failure!"/>
			<string name="DoFileCFailure" value="Download file fail!"/>
			<string name="Networpr" value="Network connection error!"/>
			<string name="NetworkTipbox" value="Network connection error, click confirm when network back to normal"/>
			<string name="Tryagain" value="Retry"/>
			<string name="wenjiancts" value="Please click on the file error again confirm download files!"/>
			<string name="imageinfortion" value="Can't find image file, please check the file is correct:"/>
		</constants>
	</class>

	<class name="LFTData.LFTDataIO">
		<constants>
			<string name="dataiosql" value="LiFT.LFTData.LFTDataIO-->MKQCReport():Need to execute sql:{0}, success:{1}"/>
			<string name="kongbai" value="Blank page"/>
			<string name="zhentong" value="The currentBatch:{4},accuracy:{0}, QA passing: {1}.\r\nError Char Count:{2}, Total Char Count: {3}\r\n Pass"/>
			<string name="shibaizhentong" value="The currentBatch: {4}, accuracy:{0}, QA passings: {1}.\r\nError Char Count: {2}, Total Char Count: {3}\r\n failure"/>
			<string name="jobexception" value="Can't find job template in this project!"/>
			<string name="usererror" value="The user or password invalid!"/>
			<string name="CheckServerDate1" value="Failed to get server time!"/>
			<string name="CheckServerDate2" value="The local time and server time vary more than 2 hours;Please adjust the computer time!"/>
		</constants>
	</class>

	<class name="LiFT.LFTData.PreLoadBatch">
		<constants>
			<string name="msg1" value="\nPreload Batch,download:[{0}/{1}]"/>
			<string name="msg2" value="\nPreload Batch,download:[{0}/{1}]\nDownload XML..."/>
			<string name="msg3" value="\nPreload Batch,download:[{0}/{1}]\nDownload Image -> [{2}/{3} ]\n{4}"/>
		</constants>
	</class>

	<class name="LiFT.LFTData.DataAdapterManager">
		<constants>
			<string name="GetALLWorkflow1" value="Can't find the XML like ALL_WF*, please contact [FM department] get the template file!"/>
		</constants>
	</class>
	<class name="LFTData.MySQLAdapter">
		<constants>
			<string name="taskcuowu" value="Get Task error, please click the [OK] button, retry after network restore\nGetDatatable---> Error!"/>
			<string name="Netwangluo" value="Network connection error!"/>
			<string name="Nettip" value="Network connection error, retry after network restore!"/>
			<string name="whether" value="Retry?"/>
		</constants>
	</class>

	<class name="LFTData.WorkflowDirector">
		<constants>
			<string name="folwTip1" value="Can't find the valid workflow, Please check the workflow template!"/>
			<string name="folwTip2" value="Can't find next workflow, Please check the workflow template!"/>
			<string name="pevious" value="[GetPeviousStatusForAudit] Has exception!\n"/>
		</constants>
	</class>
	<!--MarkingScheme-->
	<class name="MarkingScheme.MK_OCR.LifeOCRHelp">
		<controls>
			<control name="label1" text="LiFT OCR: \n 1. Right click and drag the red rectangular to set OCR zone\n\n 2. Select' Multiple'to edit OCR result\n\n 3. Replace OCR result with other character\n\n 4. Office OCR require Microsoft Office Document Scanning" />
			<control name="chk_Multiple" text="Multiple Line" />
			<control name="label5" text="Filling way:" />
			<control name="label3" text="OCR running..." />
			<control name="chk_iDRS_OCR" text="IDRS OCR" />
			<control name="chk_office_OCR" text="Office OCR" />
			<control name="chk_continue" text="Continue OCR" />
			<control name="label4" text="Replaced with:" />
			<control name="btn_Replace" text="Replace" />
			<control name="btn_Done" text="Done" />
			<control name="btn_Cancel" text="Cancel OCR" />
		</controls>
		<constants>
			<string name="officeOCR" value="Microsoft Office Document Scanning \n\n"/>
			<string name="ofocr" value="Office OCR"/>
		</constants>
	</class>

	<class name="MarkingScheme.MKSchemeLib.LWTemplate">
		<constants>
			<string name="isdata" value="The table name already exists"/>
		</constants>
	</class>

	<class name="MarkingScheme.MKSchemeUI.DgvLookuper">
		<constants>
			<string name="FiTip" value="Can't find the specified text：\n\n"/>
			<string name="tipf" value="Information"/>
		</constants>
	</class>

	<class name="MarkingScheme.FailDialog">
		<title>Fail Batch</title>
		<controls>
			<control name="groupBox1" text="Choose Fail type:" />
			<control name="checkBox1" text="A. Wrong key" />
			<control name="checkBox2" text="B. Identify errors" />
			<control name="checkBox3" text="C. Miss key" />
			<control name="checkBox4" text="D. Wrong columng" />
			<control name="label1" text="Other:" />
			<control name="buttonSubmit" text="Submit" />
		</controls>
	</class>

	<class name="LiFT.Framework.FailDialog_AI_OCR">
		<title>Fail Batch</title>
		<controls>
			<control name="groupBox1" text="Choose Fail type:" />
			<control name="checkBox1" text="A. Zone error" />
			<control name="checkBox2" text="B. Text error" />
			<control name="checkBox3" text="C. Tag error" />
			<control name="checkBox4" text="D. Numbering didn't attach" />

			<control name="label1" text="Other:" />
			<control name="buttonSubmit" text="Submit" />
		</controls>

		<constants>
			<string name="str_Empty" value="Please select the cause of the error and not make a blank submission"/>
		</constants>
	</class>

	<class name="LiFT.Framework.FailDialog_MS_OCR">
		<title>Fail Batch</title>
		<controls>
			<control name="groupBox1" text="Choose Fail type:" />
			<control name="checkBox1" text="A. Zone error" />
			<control name="checkBox2" text="B. Text error" />
			<control name="checkBox3" text="C. Tag error" />
			<control name="checkBox4" text="D. Multiple or missing zone" />

			<control name="label1" text="Other:" />
			<control name="buttonSubmit" text="Submit" />
		</controls>

		<constants>
			<string name="str_Empty" value="Please select the cause of the error and not make a blank submission"/>
		</constants>
	</class>

	<class name="LiFT.Framework.FailDialog_Face">
		<title>Fail Batch</title>
		<controls>
			<control name="groupBox1" text="Choose Fail type:" />
			<control name="checkBox1" text="A. Added value" />
			<control name="checkBox2" text="B. Missing Value" />
			<control name="checkBox3" text="C. Missing Record" />
			<control name="checkBox4" text="D. Data Mismatch" />
			<control name="checkBox5" text="E. Switched Value" />
			<control name="checkBox6" text="F. Typos" />

			<control name="label1" text="Other:" />
			<control name="buttonSubmit" text="Submit" />
		</controls>

		<constants>
			<string name="str_Empty" value="Please select the cause of the error and not make a blank submission"/>
		</constants>
	</class>

	<class name="LFTForFace.FailDialogForImage">
		<title>Fail Message Select</title>
		<controls>
			<control name="groupBox1" text="Choose Fail type:" />
			<control name="checkBox1" text="A. Input needless words" />
			<control name="checkBox2" text="B. Input needless records" />
			<control name="checkBox3" text="C. Missing Value" />
			<control name="checkBox4" text="D. Missing Record" />
			<control name="checkBox5" text="E. Data Mismatch" />
			<control name="checkBox6" text="F. Switched Value" />
			<control name="checkBox7" text="G. Typos" />
			<control name="checkBox8" text="H. Doctype error" />

			<control name="label1" text="Other:" />
			<control name="buttonSubmit" text="Submit" />
		</controls>

		<constants>
			<string name="str_Empty" value="Please select the cause of the error and not make a blank submission"/>
		</constants>
	</class>

	<class name="LiFT.Framework.FailDialog_Voice">
		<title>Fail Batch</title>
		<controls>
			<control name="groupBox1" text="Choose Fail type:" />
			<control name="checkBox1" text="A. Labelling segment contain voice overlap" />
			<control name="checkBox2" text="B. Wrong transcription" />
			<control name="checkBox3" text="C. Fail to meet the requirement of 0.2s front and back" />
			<control name="checkBox4" text="D. Ineffective segment not labelled correctly" />
			<control name="checkBox5" text="E. Segmentation rules not followed"/>

			<control name="label1" text="Other:" />
			<control name="buttonSubmit" text="Submit" />
		</controls>

		<constants>
			<string name="str_Empty" value="Please select the cause of the error and not make a blank submission"/>
		</constants>
	</class>

	<class name="MarkingScheme.FrmSearch">
		<title>Search</title>
		<controls>
			<control name="label1" text="Search Word:" />
			<control name="button1" text="Search" />
			<control name="btn_Close" text="Close" />
		</controls>
	</class>

	<class name="MarkingScheme.ImageViewer">
		<constants>
			<string name="lastview" value="Last page submit document"/>
			<string name="Ccoord" value="Rectangle have problems, please choose again"/>
		</constants>
	</class>
	<class name="MarkingScheme.InsertRowSetting">
		<title>Add or Delete</title>
		<controls>
			<control name="lblMsg" text="label2" />
			<control name="label1" text="1.Count" />
			<control name="label2" text="2.Image" />
			<control name="checkBox1" text="3.After" />
			<control name="btnCancel" text="Cancel" />
			<control name="btnOK" text="OK" />
		</controls>
		<constants>
			<string name="ImageTip" value="Image Name already exists \n\n needs to be inserted in the line, please use the Ctrl + Insert"/>
		</constants>
	</class>

	<class name="MarkingScheme.MKHotkeys">
		<constants>
			<string name="ctrlf1" value="Jump to have color cells"/>
			<string name="ctrld" value="Fill the blank cells"/>
			<string name="ctrl1" value="Here is the number 1, automatic add 1 function"/>
			<string name="ctrlf" value="Search function"/>
			<string name="ctrlinsert" value="Insert line"/>
			<string name="ctrldetele" value="Delete line"/>
			<string name="ctrlinsertsuo" value="Insert a picture"/>
			<string name="ctrldete" value="Delete the whole Image records, as long as we can remove manual inserted"/>
			<string name="ctrlfuzhi" value="Screening functional"/>
			<string name="ctrlchazhao" value="Search function"/>
			<string name="fcahzhao" value="Search function in the above:"/>
			<string name="yidongtupian" value="Moving pictures"/>
			<string name="jiahao" value="plus"/>
			<string name="jianhao" value="Minus"/>
			<string name="fd" value="Enlarge images"/>
			<string name="sx" value="Reduce image"/>
			<string name="xsdyg" value="Shows color ah cell shortcut key"/>
			<string name="yema" value="How pages pictures, pictures turn to the next page"/>
			<string name="kuaijie" value="Show or hide list of the shortcut key"/>
			<string name="sbkuaijie" value="Sumbit shortcuts"/>
			<string name="tupiankuaijie" value="Restore the original image size shortcut key"/>
			<string name="xsqiehuan" value="Display data switching"/>
		</constants>
	</class>

	<class name="MarkingScheme.OperationCount">
		<title>Add or Delete</title>
		<controls>
			<control name="lblMsg" text="label2" />
			<control name="label1" text="Count" />
			<control name="btnCancel" text="Cancel" />
			<control name="btnOK" text="OK" />
		</controls>
	</class>

	<class name="MarkingScheme.QcRateSet">
		<title>QcRateSet</title>
		<controls>
			<control name="label1" text="QC Ratio:" />
			<control name="btnOK" text="OK" />
			<control name="btnCancel" text="Cancel" />
		</controls>
	</class>

	<class name="MarkingScheme.ToolStripManager">
		<constants>
			<string name="shouda" value="First letter capitalized"/>
			<string name="shuzizidian" value="0-9 digital dictionary"/>
			<string name="kgjx" value="Spaces to continue the dictionary"/>
			<string name="huicheyou" value="Press enter to the right"/>
			<string name="huichexia" value="Press enter to the down"/>
			<string name="anliesou" value="According to the column search"/>
			<string name="kuozhanzf" value="Expansion characters"/>
			<string name="shiyongzidian" value="Use a dictionary"/>
			<string name="liangdu" value="Adjust brightness"/>
			<string name="tupiantiaok" value="Pictures jump box"/>
		</constants>
	</class>

	<class name="MarkingScheme.ucMK">
		<controls>
			<control name="toolStripButtonHideColums" text="Show/Hide Colums" />
			<control name="toolStripButtonReset" text="Reset Image [ F7 ]" />
			<control name="toolStripButtonQARatio" text="10% Ratio" />
			<control name="toolStripLabel5" text="CurrentImage:" />
			<control name="toolStripLabel1" text="Find content:" />
			<control name="toolStripButtonHotKeys" text="HotKeys Help" />
			<control name="toolStripButtonSave" text="Save" />
			<control name="toolStripButtonSubmit" text="Submit" />
			<control name="toolStripButtonFail" text="Fail" />
			<control name="toolStripButtonErrorList" text="ErrorList" />
			<control name="toolStripButtonErrorRow" text="Error Rows" />
			<control name="groupBox2" text="Example" />
			<control name="lbl_Red" text="1.AbovelValidation" />
			<control name="lbl_LightPink" text="2.Not in Dictionary" />
			<control name="lbl_SkyBlue" text="3.Other" />
			<control name="lbl_Yellow" text="4.Content Changed" />
			<control name="lbl_Fuchsia" text="5.Error Changed" />
			<control name="lblTaskIndex" text="label1" />
			<control name="toolStripStatusLabel1" text="Current Batch:" />
			<control name="toolStripStatusLabel3" text="Current Image:" />
			<control name="toolStripStatusLabel7" text="Info:" />
		</controls>
		<constants>
			<string name="Tipa" value="OpenBatch"/>
			<string name="zhaobatch" value="Can't find Image"/>
			<string name="savadata" value="SaveDataToServer -> Upload"/>
			<string name="savadata2" value="SaveDataToServer"/>
			<string name="isbatch" value="Are you sure to save? This action will not Submit Batch."/>
			<string name="iamgerows" value="Just only one row, can't be removed"/>
			<string name="rows" value="Delete Row"/>
			<string name="imagetou" value="Header data, can not be removed"/>
			<string name="bushishoudong" value="Not manual of insert yourself, can not be removed!"/>
			<string name="qudingshanchu" value="Are you sure delete Image [ {0} ]?\n Article record number:{1}"/>
			<string name="srbzzd1" value="The input words is not dictionary"/>
			<string name="srbzzd2" value="Not in dictionary"/>
			<string name="dianyuangexz1" value="Can't be empty, this cell limit the content."/>
			<string name="dianyuangexz2" value="MustEnter"/>
			<string name="zidingyi" value="Custom Rule"/>
			<string name="Inv" value="invalid data mask -"/>
			<string name="Rng" value="RegularExpressionOnLeave"/>
			<string name="cuowulist" value="Sure refresh refresh Error list to the inside of the mistakes?"/>
			<string name="faxian" value="Find the following image inside some field input question mark, please determine whether to save\n\n[Image Name]\t\t[Count]\n"/>
			<string name="squed" value="Sure you want to do Submit?"/>
		</constants>
	</class>

	<class name="MarkingScheme.ucMK_Scheme">
		<constants>
			<string name="ucmk1" value="Determine whether Submit?"/>
			<string name="ucmk2" value="SaveDataToServer -> Upload"/>
			<string name="ucmk3" value="SaveDataToServer"/>
			<string name="ucmk4" value="To determine whether to keep the data? This action will not Submit Batch."/>
			<string name="ucmk5" value="Save Done"/>
			<string name="ucmk6" value="Save Fail"/>
			<string name="ucmk7" value="Save"/>
			<string name="ucmk8" value="You are not to do Submit/Save  Batch，Sure exit?"/>
			<string name="ucmk9" value="This Image only one line of records, can not be removed."/>
			<string name="ucmk10" value="Delete Row"/>
			<string name="ucmk11" value="Invalid data mask -"/>
			<string name="ucmk12" value="RegularExpressionOnLeave."/>
			<string name="ucmk13" value="Input the content is not put in the dictionary."/>
			<string name="ucmk14" value="Not in dictionary"/>
			<string name="ucmk15" value="Can't for empty value, this cell must limit the content."/>
			<string name="ucmk16" value="MustEnter"/>
			<string name="ucmk17" value="Things are sure to do  Fail Batch?"/>
			<string name="ucmk18" value="Question"/>
			<string name="ucmk19" value="Click Fail Batch Sucess!\n"/>
			<string name="ucmk20" value="ColumnHeaderMouseClick."/>
		</constants>
	</class>

	<class name="MarkingScheme.ucMK1940">
		<controls>
			<control name="toolStripLabel4" text="StandardJobs:" />
			<control name="toolStripButtonHideColums" text="Show/Hide Colums" />
			<control name="toolStripButtonReset" text="Reset Image [ F7 ]" />
			<control name="toolStripButtonQARatio" text="10% Ratio" />
			<control name="toolStripLabel5" text="CurrentImage:" />
			<control name="groupBox2" text="Example" />
			<control name="lbl_Chk_Step5" text="1.Image sampling observation ☜" />
			<control name="lbl_Chk_Step4" text="2.Line Count≠40 ▶" />
			<control name="lbl_Chk_Step3" text="3.Does not conform to the rules ▶" />
			<control name="lbl_Chk_Step2" text="4.Blank ▶" />
			<control name="lbl_Chk_Step1" text="5.Not in dictionary ▶" />
		</controls>
		<constants>
			<string name="xianshi" value="Brightness show"/>
			<string name="mc2" value="OpenBatch"/>
			<string name="mc3" value="Note, this tip is the last batch of information fail."/>
			<string name="mc4" value="Whether to the last step can't not Submit"/>
			<string name="mc5" value="Whether to Submit?"/>
			<string name="mc6" value="Submit successful!\n"/>
			<string name="mc7" value="SaveDataToServer -> Upload"/>
			<string name="mc8" value="SaveDataToServer"/>
			<string name="mc9" value="To determine whether kept? This action will not Submit Batch"/>
			<string name="mc10" value="Save Done!"/>
			<string name="mc11" value="Save Fail!"/>
			<string name="mc12" value="Save"/>
			<string name="mc13" value="You haven't Submit/Save  Batch，Sure exit??"/>
			<string name="mc14" value="This Image only one line of records, can not be removed."/>
			<string name="mc15" value="Detele Rows"/>
			<string name="mc16" value="invalid data mask -"/>
			<string name="mc17" value="RegularExpressionOnLeave"/>
			<string name="mc18" value="The content of the input no longer the dictionary"/>
			<string name="mc19" value="Not in dictionary"/>
			<string name="mc20" value="You can empty the cells must be input class let"/>
			<string name="mc21" value="MustEnter"/>
			<string name="mc22" value="Still not to the last step can't Fail"/>
			<string name="mc23" value="Is sure to Fail Batch?"/>
			<string name="mc24" value="Questio"/>
			<string name="mc25" value="Click Fail Batch Sucess!\n"/>
			<string name="mc26" value="ColumnHeaderMouseClick"/>
			<string name="mc27" value="Upload file fail, please try again a try!"/>

		</constants>
	</class>
	<class name="MarkingScheme.ucMK40265">
		<constants>
			<string name="strPauseInfo" value="Pause!"/>
		</constants>
	</class>

	<class name="LFTForFace.ToolStripManager">
		<constants>
			<string name="shouda" value="First letter caps"/>
			<string name="shuzizidian" value="0-9 digital dictionary"/>
			<string name="kgjx" value="Spaces to continue the dictionary"/>
			<string name="huicheyou" value="enter to the right"/>
			<string name="huichexia" value="enter to the down"/>
			<string name="anliesou" value="According to the column search"/>
			<string name="kuozhanzf" value="Expansion characters"/>
			<string name="shiyongzidian" value="Use a dictionary"/>
			<string name="liangdu" value="Adjust brightness"/>
			<string name="tupiantiaok" value="Pictures jump box"/>
			<string name="strZoneSize" value="zone szie"/>
			<string name="FirstWord" value="with first word"/>
			<string name="upLine" value="up Line"/>
		</constants>
	</class>

	<class name="LFTForFace.frmLFTForFace">
		<constants>
			<string name="strNotIndic" value="input data not in the dictionary"/>

			<string name="doctype_empty" value="doctype can't be empty"/>
			<string name="doctype_allow" value="doctype can only enter these types: "/>
			<string name="doctype_coordinate" value="doctype cannot have coordinates"/>
			<string name="doctype_special" value="doctype is (Page 2,Capture,OCR Fail,Skewed,Rotated,Target),the body must be empty"/>
			<string name="doctype_special_header" value="doctype is (Page 2,Capture,OCR Fail,Skewed,Rotated,Target),the header must be empty"/>

			<string name="coordinates_empty" value="coordinates cannot be empty"/>
			<string name="coordinates_less" value="The coordinates of Picture Coordinates must be larger than Box Coordinates coordinates."/>

			<string name="coordinates_given" value="The coordinate height of Given must be less than Box_Coordinates coordinate height."/>
			<string name="coordinates_surname" value="The coordinate height of Surname must be less than Box_Coordinates coordinate height."/>

			<string name="coordinates_negative" value="coordinates cannot appear negative, the current coordinates"/>
			<string name="coordinates_toobig" value="the coordinates are over the picture size, the current coordinate"/>

			<string name="cell_data" value="has the content, the coordinates can not be empty"/>
			<string name="cell_empty" value="there is no content in the cell, but there is a coordinate. Please check"/>

			<string name="str_save" value="Do you want to save this Batch? \r\n [Yes] save [No] give up."/>

			<string name="img_misscheck" value="please click Submit in the last picture."/>

			<string name="strMustEnter" value="can't be empty. The cell limit must input."/>
			<string name="strDrawZone" value="You have to draw a frame."/>

			<string name="strDeleteRow" value="You can't delete all the rows, at least one"/>

			<string name="strCopyframe" value="the 'Copy frame' is only the first row of Picture Coordinates cell."/>

			<string name="strNotFindImg" value="Can't find the related image, use system default image"/>

			<string name="strNoRecord" value="When doctype input Zone or UnZone or Group or Page 1, record can not blank."/>

			<string name="str_NotAllowWord" value="not allowed in the word: number ( ) &amp; %"/>
			<string name="str_NotAllowSecondWord" value="the second words are not allowed: Van, Von, De, Del, La, Le, Mc, Mac, St, dela, delos, di, du, el, Santa\r\n\r\nSelect [Yes] to skip the rule"/>
		</constants>
	</class>

	<class name="LFTForFace.frmLFTForFaceQC">
		<constants>
			<string name="strNotIndic" value="input data not in the dictionary"/>

			<string name="doctype_empty" value="doctype can't be empty"/>
			<string name="doctype_allow" value="doctype can only enter these types: "/>
			<string name="doctype_coordinate" value="doctype cannot have coordinates"/>
			<string name="doctype_special" value="doctype is (Page 2,Capture,OCR Fail,Skewed,Rotated,Target),the body must be empty"/>
			<string name="doctype_special_header" value="doctype is (Page 2,Capture,OCR Fail,Skewed,Rotated,Target),the header must be empty"/>

			<string name="coordinates_empty" value="coordinates cannot be empty"/>
			<string name="coordinates_less" value="The coordinates of Picture Coordinates must be larger than Box Coordinates coordinates."/>

			<string name="coordinates_given" value="The coordinate height of Given must be less than Box_Coordinates coordinate height."/>
			<string name="coordinates_surname" value="The coordinate height of Surname must be less than Box_Coordinates coordinate height."/>

			<string name="coordinates_negative" value="coordinates cannot appear negative, the current coordinates"/>
			<string name="coordinates_toobig" value="the coordinates are over the picture size, the current coordinate"/>

			<string name="cell_data" value="has the content, the coordinates can not be empty"/>
			<string name="cell_empty" value="there is no content in the cell, but there is a coordinate. Please check"/>

			<string name="str_save" value="Do you want to save this Batch? \r\n [Yes] save [No] give up."/>

			<string name="img_misscheck" value="please click Submit in the last picture."/>

			<string name="strMustEnter" value="can't be empty. The cell limit must input."/>
			<string name="strDrawZone" value="You have to draw a frame."/>

			<string name="strDeleteRow" value="You can't delete all the rows, at least one"/>

			<string name="strCopyframe" value="the 'Copy frame' is only the first row of Picture Coordinates cell."/>

			<string name="strNotFindImg" value="Can't find the related image, use system default image"/>
		</constants>
	</class>

	<class name="LFTForFace.frmSelectRowIndex">
		<constants>
			<string name="strTitle" value="The allowed range is:"/>
		</constants>
	</class>

</LanguagePack>