﻿<?xml version="1.0" encoding="utf-8" ?>
<root>
  <Bases>H</Bases>
  <ImageType>j2k</ImageType>
  <FileNameColumn>
    <HeardText>ImgNum</HeardText>
    <ShowExtension>True</ShowExtension>
    <Weight>120</Weight>
    <Readonly>True</Readonly>
    <IsFrozen>True</IsFrozen>
  </FileNameColumn>
  <SetColumn>
    <Visible>False</Visible>
    <HeardText/>
    <Weight>0</Weight>
    <OutputPath/>
  </SetColumn>
  <Columns>
    <Column>
      <HeardText>Comments</HeardText>
      <DataType>string</DataType>
      <InitialUpper>False</InitialUpper>
      <Monopoly>False</Monopoly>
      <Weight>200</Weight>
      <Readonly>False</Readonly>
      <MaxInputLength/>
      <ReplaceTexts/>
      <Rules/>
      <Dictionary name="40143_Comments.txt">select top 20 name from Client_ID where name like '[Replace]'</Dictionary>
      <RegRule IgnoreCase = "false">^(B|M|D|A|Blank|Bad|Duplicate|Capture|Index|Secondimage)$</RegRule>
      <OutputPath>Page/Comments</OutputPath>
    </Column>
  </Columns>
  <OutPutFormat>
    <Blank>
      <ImageHeader>
        <trash/>
      </ImageHeader>
    </Blank>
    <Normal>
      <Page>
        <Comment/>
        <eventtype_orig/>
        <general_image_sequence_orig/>
      </Page>
    </Normal>
  </OutPutFormat>
</root>
